Site,IDcrn,Year,RWI,Sample_depth,RWI_dtrd
BE-Bra,BE-Bra_PISY,1995,0.7235195425564515,81,-0.2338462201295421
BE-Bra,BE-Bra_PISY,1996,0.5721123658979703,81,-0.3848857412860394
BE-Bra,BE-Bra_PISY,1997,1.2494387066629686,81,0.29280825498094226
BE-Bra,BE-Bra_PISY,1998,1.0683288131306443,81,0.11206601695060125
BE-Bra,BE-Bra_PISY,1999,1.1558446214129456,81,0.1999494807348859
BE-Bra,BE-Bra_PISY,2000,1.1761390954316318,81,0.22061161025555526
BE-Bra,BE-Bra_PISY,2001,1.0221399937032283,81,0.06698016402913512
BE-Bra,BE-Bra_PISY,2002,1.2046010433607879,81,0.249808869188678
BE-Bra,BE-Bra_PISY,2003,0.7665375669074751,80,-0.18788695176265147
BE-Bra,BE-Bra_PISY,2004,0.9463288258450304,80,-0.007728037323112832
BE-Bra,BE-Bra_PISY,2005,0.950091019603076,80,-0.0035981880630839916
BE-Bra,BE-Bra_PISY,2006,0.6921960187230541,80,-0.2611255334411225
BE-Bra,BE-Bra_PISY,2007,1.0717024430448112,80,0.11874854638261786
BE-Bra,BE-Bra_PISY,2008,1.125130527859474,80,0.17254428669926405
BE-Bra,BE-Bra_PISY,2009,0.9236182845775088,79,-0.02860030108071791
BE-Bra,BE-Bra_BEPU,1999,0.5472400180258767,5,-0.4046109121303667
BE-Bra,BE-Bra_BEPU,2000,0.4965170541896235,25,-0.45496622046463664
BE-Bra,BE-Bra_BEPU,2001,1.1323975342950483,48,0.18128191514277148
BE-Bra,BE-Bra_BEPU,2002,0.8547435558094427,60,-0.09600440784085082
BE-Bra,BE-Bra_BEPU,2003,1.268177177161546,64,0.31779686901323573
BE-Bra,BE-Bra_BEPU,2004,1.3621488341098578,65,0.41213618146353087
BE-Bra,BE-Bra_BEPU,2005,0.8194775282385262,65,-0.13016746890581746
BE-Bra,BE-Bra_BEPU,2006,0.37406787550860693,66,-0.5752094661337535
BE-Bra,BE-Bra_BEPU,2007,1.4017634272605068,66,0.4528537411201298
BE-Bra,BE-Bra_BEPU,2008,0.9150661691694407,66,-0.03347586146895298
BE-Bra,BE-Bra_BEPU,2009,0.9526937492057108,66,0.004519374069300419
BE-Vie,BE-Vie_FASY,1995,0.8146709023321779,64,-0.1503305145072939
BE-Vie,BE-Vie_FASY,1996,0.6869745167353346,65,-0.27824994650386753
BE-Vie,BE-Vie_FASY,1997,1.006177263599392,65,0.04072975396045742
BE-Vie,BE-Vie_FASY,1998,1.0166092130520465,65,0.05093865701337935
BE-Vie,BE-Vie_FASY,1999,1.1623510771703571,65,0.1964574747319573
BE-Vie,BE-Vie_FASY,2000,0.5951967018082301,65,-0.3709199470299023
BE-Vie,BE-Vie_FASY,2001,1.0332784192942186,65,0.06693872405635347
BE-Vie,BE-Vie_FASY,2002,0.8714133567663701,66,-0.09514938487122766
BE-Vie,BE-Vie_FASY,2003,1.256701952392301,65,0.2899161643549707
BE-Vie,BE-Vie_FASY,2004,0.5017268869704256,64,-0.4652819474666374
BE-Vie,BE-Vie_FASY,2005,0.5837677496449338,64,-0.38346413119186185
BE-Vie,BE-Vie_FASY,2006,1.1445741360456338,64,0.1771192088091055
BE-Vie,BE-Vie_FASY,2007,1.233278153630183,64,0.26560017999392194
BE-Vie,BE-Vie_FASY,2008,1.4694506419603215,64,0.501549621924328
BE-Vie,BE-Vie_FASY,2009,1.2453688208539484,63,0.2772447544182221
BE-Vie,BE-Vie_FASY,2010,1.0805169823966212,62,0.11216986956116226
BE-Vie,BE-Vie_FASY,2011,0.6291598611091194,62,-0.3394102981260722
BE-Vie,BE-Vie_FASY,2012,0.7825235588777656,62,-0.18626964675715865
BE-Vie,BE-Vie_FASY,2013,1.0655621227511964,62,0.09654587071653956
BE-Vie,BE-Vie_FASY,2014,0.8769112944223998,62,-0.09232800401198973
BE-Vie,BE-Vie_FASY,2015,1.0671461664585793,62,0.09768382162445713
BE-Vie,BE-Vie_PISY,1995,0.9763367762662551,6,0.006651385032400333
BE-Vie,BE-Vie_PISY,1996,0.8574686175574456,6,-0.11243982007614182
BE-Vie,BE-Vie_PISY,1997,1.3341076119392141,6,0.36397612790589406
BE-Vie,BE-Vie_PISY,1998,1.3633139243706869,6,0.3929593939376341
BE-Vie,BE-Vie_PISY,1999,0.839542636576368,6,-0.13103494025641743
BE-Vie,BE-Vie_PISY,2000,0.632749718822036,6,-0.338050904410482
BE-Vie,BE-Vie_PISY,2001,0.7705113193933383,6,-0.20051235023891242
BE-Vie,BE-Vie_PISY,2002,0.7243299770096253,6,-0.24691673902235803
BE-Vie,BE-Vie_PISY,2003,1.0121409245862327,6,0.04067116215451674
BE-Vie,BE-Vie_PISY,2004,0.8848393580371726,6,-0.086853450794276
BE-Vie,BE-Vie_PISY,2005,0.6469913985449263,6,-0.32492445668625497
BE-Vie,BE-Vie_PISY,2006,0.9870585469620147,6,0.014919645331100758
BE-Vie,BE-Vie_PISY,2007,1.743932067740204,6,0.7715701197095575
BE-Vie,BE-Vie_PISY,2008,1.613332387330963,6,0.6407473929005839
BE-Vie,BE-Vie_PISY,2009,0.8094688988710352,6,-0.16333914195907662
BE-Vie,BE-Vie_PISY,2010,0.7713638219503013,6,-0.2016672652795432
BE-Vie,BE-Vie_PISY,2011,0.738435281690735,6,-0.23481885193884214
BE-Vie,BE-Vie_PISY,2012,1.0445094928603764,6,0.07103231283106662
BE-Vie,BE-Vie_PISY,2013,0.8140738686701782,6,-0.15962635775886427
BE-Vie,BE-Vie_PISY,2014,1.0984849063644746,6,0.12456163353569952
BE-Vie,BE-Vie_PISY,2015,1.0638614389225605,6,0.08971511969405274
BE-Vie,BE-Vie_ABAL,1995,0.9449921760287445,18,-0.029377189599495847
BE-Vie,BE-Vie_ABAL,1996,0.9283663453408375,18,-0.04622606668713551
BE-Vie,BE-Vie_ABAL,1997,1.1849219685162617,18,0.21010651008855608
BE-Vie,BE-Vie_ABAL,1998,0.7439954478097784,18,-0.23104305701765987
BE-Vie,BE-Vie_ABAL,1999,1.0051104943811207,19,0.029848943153949703
BE-Vie,BE-Vie_ABAL,2000,0.8370500139142573,19,-0.13843458371264633
BE-Vie,BE-Vie_ABAL,2001,0.9868906374937036,20,0.011182993467067406
BE-Vie,BE-Vie_ABAL,2002,0.9517664370016736,20,-0.02416425342469526
BE-Vie,BE-Vie_ABAL,2003,0.9838586253898994,20,0.007704888563797899
BE-Vie,BE-Vie_ABAL,2004,0.9085518409725368,21,-0.06782494225329735
BE-Vie,BE-Vie_ABAL,2005,1.1461824378484313,20,0.16958260822286447
BE-Vie,BE-Vie_ABAL,2006,0.8463607272751369,20,-0.13046214875016257
BE-Vie,BE-Vie_ABAL,2007,1.0006390179989937,20,0.02359309557396156
BE-Vie,BE-Vie_ABAL,2008,1.167565850611609,20,0.19029688178684412
BE-Vie,BE-Vie_ABAL,2009,1.0272072511165025,21,0.04971523589200505
BE-Vie,BE-Vie_ABAL,2010,0.9670814708697077,21,-0.010633590754522308
BE-Vie,BE-Vie_ABAL,2011,0.9440190619341235,21,-0.03391904608983915
BE-Vie,BE-Vie_ABAL,2012,1.0613294419708803,21,0.08316828754718496
BE-Vie,BE-Vie_ABAL,2013,0.8420220598271643,21,-0.13636214099626373
BE-Vie,BE-Vie_ABAL,2014,1.0569281122069158,21,0.0783208649837552
BE-Vie,BE-Vie_ABAL,2015,0.9842537939570697,21,0.005423500334176405
BE-Vie,BE-Vie_PSME,1995,1.0113761005860873,34,0.03232276056346136
BE-Vie,BE-Vie_PSME,1996,0.8945465692460519,34,-0.08472981717630666
BE-Vie,BE-Vie_PSME,1997,1.2057262398358226,34,0.22622680701373138
BE-Vie,BE-Vie_PSME,1998,1.03060372844511,34,0.050881249223286074
BE-Vie,BE-Vie_PSME,1999,1.0773027466136436,34,0.09735722099208705
BE-Vie,BE-Vie_PSME,2000,0.8742851345084061,34,-0.1058834375128831
BE-Vie,BE-Vie_PSME,2001,1.0625830906791542,34,0.08219147225813243
BE-Vie,BE-Vie_PSME,2002,1.0925942576167906,34,0.11197959279603617
BE-Vie,BE-Vie_PSME,2003,0.9967220516733736,34,0.015884340452886482
BE-Vie,BE-Vie_PSME,2004,0.8932178149359014,34,-0.08784294268431839
BE-Vie,BE-Vie_PSME,2005,0.9424160297449272,34,-0.03886777427502516
BE-Vie,BE-Vie_PSME,2006,0.8041533505114926,34,-0.17735349990819244
BE-Vie,BE-Vie_PSME,2007,1.0554998567806932,34,0.07376995996127557
BE-Vie,BE-Vie_PSME,2008,1.1937269746670103,34,0.21177403144785995
BE-Vie,BE-Vie_PSME,2009,1.0352080703747548,34,0.05303208075587185
BE-Vie,BE-Vie_PSME,2010,0.9348470959245256,33,-0.04755194009408998
BE-Vie,BE-Vie_PSME,2011,0.751334034318954,32,-0.2312880480993943
BE-Vie,BE-Vie_PSME,2012,0.910810335485958,32,-0.07203479333212288
BE-Vie,BE-Vie_PSME,2013,0.846565355657438,32,-0.13650281956037558
BE-Vie,BE-Vie_PSME,2014,0.972367164261383,32,-0.010924057356163168
BE-Vie,BE-Vie_PSME,2015,1.1345006574463108,31,0.15098638942903195
BE-Vie,BE-Vie_PCAB,1995,0.652348465061325,7,-0.3313888493556864
BE-Vie,BE-Vie_PCAB,1996,0.6996586838297831,7,-0.28430167698696096
BE-Vie,BE-Vie_PCAB,1997,1.1209427231357307,7,0.13675931591925394
BE-Vie,BE-Vie_PCAB,1998,0.9233299332868335,7,-0.06107652032937588
BE-Vie,BE-Vie_PCAB,1999,1.1257251746609802,7,0.14109567464503814
BE-Vie,BE-Vie_PCAB,2000,1.0201556019760734,7,0.03530305556039864
BE-Vie,BE-Vie_PCAB,2001,1.089816817264122,7,0.10474122444871468
BE-Vie,BE-Vie_PCAB,2002,1.060518306118887,7,0.07521966690374696
BE-Vie,BE-Vie_PCAB,2003,1.1412980561609996,7,0.1557763705461269
BE-Vie,BE-Vie_PCAB,2004,0.9977004525790147,7,0.01195572056440944
BE-Vie,BE-Vie_PCAB,2005,1.1773306454284231,7,0.19136286701408517
BE-Vie,BE-Vie_PCAB,2006,0.5624002822172994,7,-0.4237905425967711
BE-Vie,BE-Vie_PCAB,2007,0.9523791235431357,7,-0.034034747670667546
BE-Vie,BE-Vie_PCAB,2008,1.2105748315087368,7,0.22393791389520093
BE-Vie,BE-Vie_PCAB,2009,1.0803471810798575,7,0.09348721706658897
BE-Vie,BE-Vie_PCAB,2010,1.0866248584040934,7,0.09954184799109222
BE-Vie,BE-Vie_PCAB,2011,0.539084223162188,6,-0.44822183365054585
BE-Vie,BE-Vie_PCAB,2012,1.0128954082896406,6,0.025366305077174175
BE-Vie,BE-Vie_PCAB,2013,0.8875306920536717,6,-0.10022145755852736
BE-Vie,BE-Vie_PCAB,2014,1.2281609997500822,6,0.24018580373815043
BE-Vie,BE-Vie_PCAB,2015,0.8844670266568034,6,-0.10373121575486097
DE-Hai,DE-Hai_FASY,1999,1.1522987862315954,109,0.196191117302941
DE-Hai,DE-Hai_FASY,2000,0.7981642123260527,108,-0.15981028698929195
DE-Hai,DE-Hai_FASY,2001,1.2638759700444964,108,0.30403464034246225
DE-Hai,DE-Hai_FASY,2002,0.8412809381296465,108,-0.12042722195907683
DE-Hai,DE-Hai_FASY,2003,0.923948306336625,108,-0.039626684138787685
DE-Hai,DE-Hai_FASY,2004,0.5220306917107828,107,-0.4434111291513191
DE-Hai,DE-Hai_FASY,2005,0.8399716866653903,107,-0.12733696458340077
DE-Hai,DE-Hai_FASY,2006,0.8264704398242132,106,-0.1427050418112672
DE-Hai,DE-Hai_FASY,2007,1.0140196122124392,105,0.04297730019026956
DE-Hai,DE-Hai_FASY,2008,1.0651148854216588,105,0.09220574301279989
DE-Hai,DE-Hai_FASY,2009,1.011624575798229,105,0.03684860300268082
DE-Hai,DE-Hai_FASY,2010,0.8978359404048328,105,-0.07880686277740455
DE-Hai,DE-Hai_FASY,2011,0.5670512721571678,104,-0.41145836141175884
DE-Hai,DE-Hai_FASY,2012,1.2962653419117296,104,0.31588887795611376
DE-Hai,DE-Hai_FASY,2013,1.307672714973984,101,0.32542942063167885
DE-Hai,DE-Hai_QURO,1999,1.2268637330640473,18,0.24275360833505288
DE-Hai,DE-Hai_QURO,2000,0.9154119804050721,18,-0.07056497471061153
DE-Hai,DE-Hai_QURO,2001,1.1966324309990481,18,0.20878864549667525
DE-Hai,DE-Hai_QURO,2002,1.1334019403316258,18,0.14369132444256366
DE-Hai,DE-Hai_QURO,2003,1.1604696210587833,18,0.16889217478303187
DE-Hai,DE-Hai_QURO,2004,0.7557049344563159,18,-0.2377393422061247
DE-Hai,DE-Hai_QURO,2005,0.985245447401378,18,-0.010065659647751898
DE-Hai,DE-Hai_QURO,2006,0.9245337185763192,18,-0.07264421885949997
DE-Hai,DE-Hai_QURO,2007,0.9320227019952556,18,-0.06702206582725277
DE-Hai,DE-Hai_QURO,2008,0.7660063820548543,18,-0.23490521615434334
DE-Hai,DE-Hai_QURO,2009,1.1151597773873887,18,0.11238134879150181
DE-Hai,DE-Hai_QURO,2010,1.0090052028678425,18,0.004359943885266324
DE-Hai,DE-Hai_QURO,2011,0.7419219486663998,18,-0.2645901407028655
DE-Hai,DE-Hai_QURO,2012,1.0500402359247702,18,0.04166131616881562
DE-Hai,DE-Hai_QURO,2013,1.0278367693936488,18,0.017591019251004886
DE-Hai,DE-Hai_CABE,1999,1.3588306910876566,7,0.3467181105583235
DE-Hai,DE-Hai_CABE,2000,1.096685159171154,7,0.08270574825513156
DE-Hai,DE-Hai_CABE,2001,1.6572597882835514,7,0.6414135469808397
DE-Hai,DE-Hai_CABE,2002,0.8981713839790102,7,-0.11954168771039068
DE-Hai,DE-Hai_CABE,2003,0.8735792042665427,7,-0.14600069780954744
DE-Hai,DE-Hai_CABE,2004,0.5250675889818744,7,-0.496379143480905
DE-Hai,DE-Hai_CABE,2005,0.9511783673832587,7,-0.07213519546620996
DE-Hai,DE-Hai_CABE,2006,0.9348692686196786,7,-0.09031112461647932
DE-Hai,DE-Hai_CABE,2007,1.3739256929950556,7,0.3468784693722085
DE-Hai,DE-Hai_CABE,2008,1.1910994524761742,7,0.16218539846663782
DE-Hai,DE-Hai_CABE,2009,0.8043159276932271,7,-0.2264649567029985
DE-Hai,DE-Hai_CABE,2010,0.9399189884894789,7,-0.09272872629343602
DE-Hai,DE-Hai_CABE,2011,0.39036462893612645,7,-0.6441499162334777
DE-Hai,DE-Hai_CABE,2012,1.3663314615792275,7,0.32995008602293413
DE-Hai,DE-Hai_CABE,2013,1.2435273819382504,7,0.2052791759952678
DE-Tha,DE-Tha_PCAB,1995,0.9362977063019304,66,-0.13623671547645472
DE-Tha,DE-Tha_PCAB,1996,0.8634923837293516,66,-0.20433711617163205
DE-Tha,DE-Tha_PCAB,1997,1.3694093990997898,66,0.30628482107620525
DE-Tha,DE-Tha_PCAB,1998,1.0471096895041194,65,-0.011309966642065995
DE-Tha,DE-Tha_PCAB,1999,1.3838955101388015,65,0.33018077587001526
DE-Tha,DE-Tha_PCAB,2000,0.792388417225635,65,-0.2566213951657522
DE-Tha,DE-Tha_PCAB,2001,1.2387543964679564,65,0.19444950595396823
DE-Tha,DE-Tha_PCAB,2002,1.3184294832192016,65,0.2788295145826125
DE-Tha,DE-Tha_PCAB,2003,0.6895166536671795,65,-0.34537839309201046
DE-Tha,DE-Tha_PCAB,2004,0.7312280804060924,65,-0.2989620444756985
DE-Tha,DE-Tha_PCAB,2005,0.8102402994322877,65,-0.21524490357210413
DE-Tha,DE-Tha_PCAB,2006,0.8282209554892699,65,-0.19255932563772285
DE-Tha,DE-Tha_PCAB,2007,1.0548466018636524,65,0.038771242614058773
DE-Tha,DE-Tha_PCAB,2008,0.9160618600953807,65,-0.09530857727681386
DE-Tha,DE-Tha_PCAB,2009,1.1155040353082295,65,0.10883851981343401
DE-Tha,DE-Tha_LADE,1995,1.0443532452955289,14,0.04239265167813247
DE-Tha,DE-Tha_LADE,1996,1.0708425342610577,14,0.07358686252106038
DE-Tha,DE-Tha_LADE,1997,1.7167956891534282,14,0.72424493929083
DE-Tha,DE-Tha_LADE,1998,1.0231135666030209,14,0.035267738617821745
DE-Tha,DE-Tha_LADE,1999,1.1486898956693268,14,0.16554898956152672
DE-Tha,DE-Tha_LADE,2000,1.0151860910015433,14,0.03675010677114236
DE-Tha,DE-Tha_LADE,2001,0.9277587318775272,14,-0.045972330475474665
DE-Tha,DE-Tha_LADE,2002,0.9846507036649517,14,0.015624563189348864
DE-Tha,DE-Tha_LADE,2003,0.8667403255450692,14,-0.09758089305313453
DE-Tha,DE-Tha_LADE,2004,0.5346770716271612,14,-0.42493922509364346
DE-Tha,DE-Tha_LADE,2005,0.7273503959633086,14,-0.2275609788800969
DE-Tha,DE-Tha_LADE,2006,0.8124431525166185,14,-0.137763300449388
DE-Tha,DE-Tha_LADE,2007,1.1164999415345607,14,0.1709984104459533
DE-Tha,DE-Tha_LADE,2008,1.2913057846557205,14,0.3505091754445123
DE-Tha,DE-Tha_LADE,2009,0.7535890353651793,14,-0.18250265196862991
DK-Sor,DK-Sor_FASY,1995,0.7312585380335699,98,-0.24452327046130523
DK-Sor,DK-Sor_FASY,1996,0.5982593245710306,98,-0.37555401753110307
DK-Sor,DK-Sor_FASY,1997,0.9836293890234368,98,0.011784513314044405
DK-Sor,DK-Sor_FASY,1998,0.9688616206200851,98,-0.0010147886965659186
DK-Sor,DK-Sor_FASY,1999,1.1278814415515195,98,0.15997349862760984
DK-Sor,DK-Sor_FASY,2000,1.3195828210414782,98,0.35364334451031
DK-Sor,DK-Sor_FASY,2001,1.240512071152179,98,0.2765410610137522
DK-Sor,DK-Sor_FASY,2002,1.1052845041545893,98,0.14328196040890384
DK-Sor,DK-Sor_FASY,2003,0.9659222873465007,98,0.00588820999355652
DK-Sor,DK-Sor_FASY,2004,1.075225162078501,98,0.11715955111829818
DK-Sor,DK-Sor_FASY,2005,0.9689797345576268,98,0.012882589990165366
DK-Sor,DK-Sor_FASY,2006,0.6859698901695334,98,-0.26815878800518667
DK-Sor,DK-Sor_FASY,2007,1.130933322208525,98,0.17877311042654628
DK-Sor,DK-Sor_FASY,2008,0.8141647314927417,98,-0.13602701389649557
DK-Sor,DK-Sor_FASY,2009,0.9079686159005264,98,-0.040254663095969555
DK-Sor,DK-Sor_FASY,2010,0.8675302238522595,89,-0.078724588751495
DK-Sor,DK-Sor_FASY,2011,0.8472197149573304,89,-0.09706663125368278
DK-Sor,DK-Sor_FASY,2012,0.9474590389556213,89,0.005141159137349541
DK-Sor,DK-Sor_FASY,2013,0.7759699104257554,88,-0.16437950299977505
DK-Sor,DK-Sor_FASY,2014,0.9549831720536789,88,0.01660222502088983
DK-Sor,DK-Sor_FASY,2015,1.0604445217702005,88,0.12403204113015287
FI-Hyy,FI-Hyy_PISY,1995,0.8027974336077517,183,-0.13172533095586383
FI-Hyy,FI-Hyy_PISY,1996,0.8350974083391318,181,-0.10187849127227333
FI-Hyy,FI-Hyy_PISY,1997,0.9292427902007274,180,-0.010186244458467523
FI-Hyy,FI-Hyy_PISY,1998,0.8430691418386259,179,-0.09881302786835877
FI-Hyy,FI-Hyy_PISY,1999,0.9206039742917914,179,-0.023731330462982987
FI-Hyy,FI-Hyy_PISY,2000,1.1681675173792678,180,0.22137907757670372
FI-Hyy,FI-Hyy_PISY,2001,1.0347157607528328,175,0.08547418590247893
FI-Hyy,FI-Hyy_PISY,2002,0.9377844404514947,174,-0.013910269446648915
FI-Hyy,FI-Hyy_PISY,2003,0.8498039932745306,174,-0.10434385167140273
FI-Hyy,FI-Hyy_PISY,2004,1.0945125929879636,174,0.1379116129942405
FI-Hyy,FI-Hyy_PISY,2005,1.1047278875855737,171,0.14567377254406094
FI-Hyy,FI-Hyy_PISY,2006,0.9984878811634214,168,0.03698063107411885
FI-Hyy,FI-Hyy_PISY,2007,1.0629711576408023,168,0.09901077250371007
FI-Hyy,FI-Hyy_PISY,2008,1.0367912121120844,166,0.07037769192720242
FI-Hyy,FI-Hyy_PISY,2009,1.281034663553075,160,0.31216800832040326
FI-Hyy,FI-Hyy_BEPU,1995,0.9087776802362857,6,-0.06254211004417573
FI-Hyy,FI-Hyy_BEPU,1996,0.7712916990323493,6,-0.20248122629590184
FI-Hyy,FI-Hyy_BEPU,1997,0.8351536805791027,6,-0.1410723797969382
FI-Hyy,FI-Hyy_BEPU,1998,0.8105769628452016,6,-0.16810223257862897
FI-Hyy,FI-Hyy_BEPU,1999,0.675201778315424,6,-0.3059305521561963
FI-Hyy,FI-Hyy_BEPU,2000,0.950450699531461,6,-0.033134765987949066
FI-Hyy,FI-Hyy_BEPU,2001,0.8911800379846176,6,-0.09485856258258213
FI-Hyy,FI-Hyy_BEPU,2002,0.9636322092110327,6,-0.024859526403956868
FI-Hyy,FI-Hyy_BEPU,2003,1.1179437809766017,6,0.1269989103138225
FI-Hyy,FI-Hyy_BEPU,2004,1.3862302241996975,6,0.3928322184891286
FI-Hyy,FI-Hyy_BEPU,2005,1.129470408905722,6,0.13361926814736322
FI-Hyy,FI-Hyy_BEPU,2006,1.0258279569672462,6,0.027523681161097727
FI-Hyy,FI-Hyy_BEPU,2007,0.8275546018571892,6,-0.17320280899674895
FI-Hyy,FI-Hyy_BEPU,2008,0.9915496822707167,6,-0.011660863631011178
FI-Hyy,FI-Hyy_BEPU,2009,0.9181474246052742,6,-0.0875162563442434
IT-SRo,IT-SRo_PIPI,1998,1.0102013880290663,85,0.030024861599324496
IT-SRo,IT-SRo_PIPI,1999,1.006303448565864,84,0.02595079107976488
IT-SRo,IT-SRo_PIPI,2000,0.9076819738423777,84,-0.07284681470007591
IT-SRo,IT-SRo_PIPI,2001,0.9103678450045886,84,-0.07033707459421959
IT-SRo,IT-SRo_PIPI,2002,0.8972533452138627,84,-0.08362770544130001
IT-SRo,IT-SRo_PIPI,2003,0.7546590822631608,83,-0.22639809944835643
IT-SRo,IT-SRo_PIPI,2004,0.9806918252040547,82,-5.41487563817041e-4
IT-SRo,IT-SRo_PIPI,2005,1.0579390499919394,81,0.07652960616771311
IT-SRo,IT-SRo_PIPI,2006,1.0530124295635221,81,0.07142685468294127
IT-SRo,IT-SRo_PIPI,2007,1.0214764902556022,81,0.03971478431866676
IT-SRo,IT-SRo_PIPI,2008,0.9641213019370111,81,-0.01781653505627888
IT-SRo,IT-SRo_PIPI,2009,1.256120328788368,79,0.2740063607387235
IT-SRo,IT-SRo_PIPN,1998,1.2493507995715127,10,0.26706070046551367
IT-SRo,IT-SRo_PIPN,1999,1.302044412694921,10,0.31957818253256753
IT-SRo,IT-SRo_PIPN,2000,0.8566586466443296,10,-0.12598371457437857
IT-SRo,IT-SRo_PIPN,2001,0.7671349794482613,10,-0.2156835128268014
IT-SRo,IT-SRo_PIPN,2002,0.9539519494087917,10,-0.029042673922625516
IT-SRo,IT-SRo_PIPN,2003,0.7165975382078267,10,-0.26657321617994506
IT-SRo,IT-SRo_PIPN,2004,0.9837669744399958,10,4.200889958695473e-4
IT-SRo,IT-SRo_PIPN,2005,0.9782020317859157,10,-0.0053209847145651345
IT-SRo,IT-SRo_PIPN,2006,1.0122710940107669,10,0.028571946453931497
IT-SRo,IT-SRo_PIPN,2007,0.9916303351286218,10,0.00775505651543184
IT-SRo,IT-SRo_PIPN,2008,0.8706069585961204,10,-0.11344445107342409
IT-SRo,IT-SRo_PIPN,2009,1.0708045772712385,10,0.08657703654533945
CA-Obs,CA-Obs_PCMA,1996,0.9863288326244354,89,0.009520797289660552
CA-Obs,CA-Obs_PCMA,1997,1.0486453004282963,89,0.06932993117899806
CA-Obs,CA-Obs_PCMA,1998,0.8676504374683862,89,-0.11417226569543565
CA-Obs,CA-Obs_PCMA,1999,0.9124415492841131,89,-0.07188848779423236
CA-Obs,CA-Obs_PCMA,2000,1.0559532649168342,89,0.06911589392396503
CA-Obs,CA-Obs_PCMA,2001,0.9921661133563495,89,0.002821408448956753
CA-Obs,CA-Obs_PCMA,2002,0.8872974709609066,89,-0.10455456786100979
CA-Obs,CA-Obs_PCMA,2003,1.038825430781008,89,0.04446605804456805
CA-Obs,CA-Obs_PCMA,2004,1.068830970172772,89,0.0719642635218084
CA-Obs,CA-Obs_PCMA,2005,0.9853227211577483,89,-0.014051319407738976
CA-Obs,CA-Obs_PCMA,2006,1.1568296922741184,89,0.15494831779410742
CA-Obs,CA-Obs_PCMA,2007,0.9959526977976666,89,-0.008436010596867972
CA-Obs,CA-Obs_PCMA,2008,1.0103442232643705,89,0.003448180955312254
CA-Obs,CA-Obs_PCMA,2009,0.9530773934756359,89,-0.056325982747945924
CA-Obs,CA-Obs_PCMA,2010,0.9840226984387014,89,-0.027888011699404087
CA-Obs,CA-Obs_PCMA,2011,0.9861198386978873,89,-0.02829820535474177
US-Ha1,US-Ha1_ACRU,1990,0.961373606362938,58,0.06076972044973106
US-Ha1,US-Ha1_ACRU,1991,0.8618414648149345,58,-0.039574737706137356
US-Ha1,US-Ha1_ACRU,1992,1.4161014782923005,58,0.5138729591633662
US-Ha1,US-Ha1_ACRU,1993,1.0879367501530588,58,0.18489591441626188
US-Ha1,US-Ha1_ACRU,1994,0.7910086899801549,58,-0.11284446236450453
US-Ha1,US-Ha1_ACRU,1995,0.6390678775069264,58,-0.26559759144559564
US-Ha1,US-Ha1_ACRU,1996,0.8761849589354587,58,-0.029292826624925983
US-Ha1,US-Ha1_ACRU,1997,0.8081726440751609,58,-0.09811745809308636
US-Ha1,US-Ha1_ACRU,1998,1.0141436743874717,58,0.10704125561136184
US-Ha1,US-Ha1_ACRU,1999,0.5721081559230308,58,-0.3358065794609416
US-Ha1,US-Ha1_ACRU,2000,0.8207217470908003,57,-0.08800530490103473
US-Ha1,US-Ha1_ACRU,2001,0.6146881972203678,56,-0.29485117137932976
US-Ha1,US-Ha1_ACRU,2002,0.68434198981471694,56,-0.22600969539284324
US-Ha1,US-Ha1_ACRU,2003,0.6059016685431416,56,-0.30526233327228114
US-Ha1,US-Ha1_ACRU,2004,0.5501439295254617,55,-0.36183238889782365
US-Ha1,US-Ha1_ACRU,2005,0.5262023296185445,55,-0.3865863054126034
US-Ha1,US-Ha1_ACRU,2006,0.5326376234894012,54,-0.38096332814960926
US-Ha1,US-Ha1_ACRU,2007,1.035034396398908,54,0.12062112815203485
US-Ha1,US-Ha1_ACRU,2008,1.1611574536441442,54,0.24593186878940856
US-Ha1,US-Ha1_ACRU,2009,1.2608924621379631,54,0.3448545606753649
US-Ha1,US-Ha1_ACRU,2010,1.0733007328300785,54,0.1564505147596177
US-Ha1,US-Ha1_ACRU,2011,0.8721765047665807,54,-0.045486029911742706
US-Ha1,US-Ha1_ACRU,2012,0.5827674015678148,54,-0.33570744971837124
US-Ha1,US-Ha1_ACRU,2013,0.6694118123101909,40,-0.2498753555838577
US-Ha1,US-Ha1_BEAL,1990,0.8691310716820752,44,-0.05096841281983601
US-Ha1,US-Ha1_BEAL,1991,0.9354050878045287,44,0.014493286694754949
US-Ha1,US-Ha1_BEAL,1992,1.2471111342080405,44,0.3253870164904042
US-Ha1,US-Ha1_BEAL,1993,1.1922452475780618,44,0.2697088132525629
US-Ha1,US-Ha1_BEAL,1994,0.9971366259918254,44,0.0737878750584639
US-Ha1,US-Ha1_BEAL,1995,0.6607978016618191,44,-0.26336326587940495
US-Ha1,US-Ha1_BEAL,1996,0.974447329925612,44,0.049473945776525335
US-Ha1,US-Ha1_BEAL,1997,1.0404118686759758,44,0.11462616791902655
US-Ha1,US-Ha1_BEAL,1998,1.3132746901412482,44,0.38667667277643636
US-Ha1,US-Ha1_BEAL,1999,0.9879776279461867,44,0.0605672939735123
US-Ha1,US-Ha1_BEAL,2000,1.0328902552279633,44,0.1046676046474263
US-Ha1,US-Ha1_BEAL,2001,0.8423561618169773,44,-0.08667880537142232
US-Ha1,US-Ha1_BEAL,2002,0.9858706259050176,44,0.056023342108755446
US-Ha1,US-Ha1_BEAL,2003,0.6698740589862995,44,-0.2607855414178253
US-Ha1,US-Ha1_BEAL,2004,0.9530618716223246,44,0.021589954610337258
US-Ha1,US-Ha1_BEAL,2005,0.6630318127387292,44,-0.2692524208811207
US-Ha1,US-Ha1_BEAL,2006,0.664627191900733,44,-0.26846935832697943
US-Ha1,US-Ha1_BEAL,2007,0.8498807154496564,44,-0.08402815138591871
US-Ha1,US-Ha1_BEAL,2008,0.8728783405828165,44,-0.06184284286062112
US-Ha1,US-Ha1_BEAL,2009,1.2792319682529452,44,0.3436984682016449
US-Ha1,US-Ha1_BEAL,2010,1.120663196226023,43,0.18431737956686012
US-Ha1,US-Ha1_BEAL,2011,1.2102249754432683,43,0.27306684217624294
US-Ha1,US-Ha1_BEAL,2012,0.6792227688642485,42,-0.25874768101063955
US-Ha1,US-Ha1_BEAL,2013,1.208220624750421,27,0.2694378582676704
US-Ha1,US-Ha1_FAGR,1990,1.0739188905170756,9,0.13432380742646238
US-Ha1,US-Ha1_FAGR,1991,1.1462381141822,9,0.20583071448372423
US-Ha1,US-Ha1_FAGR,1992,1.3182639234595241,9,0.3770442071531858
US-Ha1,US-Ha1_FAGR,1993,1.329674391098122,9,0.38764235818392095
US-Ha1,US-Ha1_FAGR,1994,1.043548086947472,9,0.10070373742540853
US-Ha1,US-Ha1_FAGR,1995,0.896783144752338,9,-0.04687352137758809
US-Ha1,US-Ha1_FAGR,1996,0.8701301915887998,9,-0.07433879114898888
US-Ha1,US-Ha1_FAGR,1997,0.8307772512959828,9,-0.11450404804966846
US-Ha1,US-Ha1_FAGR,1998,0.8299205429786598,9,-0.11617307297485402
US-Ha1,US-Ha1_FAGR,1999,0.6142688153813678,9,-0.33263711718000866
US-Ha1,US-Ha1_FAGR,2000,0.9417680458679075,9,-0.005950203301331484
US-Ha1,US-Ha1_FAGR,2001,1.0104426302459628,9,0.06191206446886122
US-Ha1,US-Ha1_FAGR,2002,0.987747077733593,9,0.03840419534862888
US-Ha1,US-Ha1_FAGR,2003,0.8442684178305231,9,-0.10588678116230367
US-Ha1,US-Ha1_FAGR,2004,1.067919360754225,9,0.11695184515353566
US-Ha1,US-Ha1_FAGR,2005,0.8071468542830367,9,-0.14463297792551524
US-Ha1,US-Ha1_FAGR,2006,0.8451737665605814,9,-0.1074183822558331
US-Ha1,US-Ha1_FAGR,2007,1.0344539752309323,9,0.0810495098066552
US-Ha1,US-Ha1_FAGR,2008,0.8969270281522574,9,-0.05728975387988223
US-Ha1,US-Ha1_FAGR,2009,1.13424169159891,9,0.1792125929589077
US-Ha1,US-Ha1_FAGR,2010,1.0314339481872923,9,0.07559253293942744
US-Ha1,US-Ha1_FAGR,2011,1.228303212852566,9,0.2716494809968385
US-Ha1,US-Ha1_FAGR,2012,1.0016445227216844,9,0.04417847425809435
US-Ha1,US-Ha1_PIST,1990,1.0466766616673826,10,0.08839829659593
US-Ha1,US-Ha1_PIST,1991,1.0882373901507705,10,0.1291467084714553
US-Ha1,US-Ha1_PIST,1992,1.1335634135042518,10,0.17366041521707407
US-Ha1,US-Ha1_PIST,1993,1.1571620787929056,10,0.1964467638978652
US-Ha1,US-Ha1_PIST,1994,1.0087102536232215,10,0.0471826221203186
US-Ha1,US-Ha1_PIST,1995,0.9111547032315369,10,-0.051185244879228604
US-Ha1,US-Ha1_PIST,1996,0.8895540315702957,10,-0.07359823314833243
US-Ha1,US-Ha1_PIST,1997,0.8534858273425476,10,-0.11047875398394304
US-Ha1,US-Ha1_PIST,1998,1.0501969620555354,10,0.08542006412118211
US-Ha1,US-Ha1_PIST,1999,1.0177068248282222,10,0.05211761028600632
US-Ha1,US-Ha1_PIST,2000,1.1628257316723378,10,0.1964242005222594
US-Ha1,US-Ha1_PIST,2001,1.1154115382828582,10,0.14819769052491719
US-Ha1,US-Ha1_PIST,2002,1.1994236792284183,10,0.2313975148626147
US-Ha1,US-Ha1_PIST,2003,0.8410948091872666,10,-0.12774367178639956
US-Ha1,US-Ha1_PIST,2004,0.8249015120807238,10,-0.14474928550080496
US-Ha1,US-Ha1_PIST,2005,0.8706359992067795,10,-0.09982711498261186
US-Ha1,US-Ha1_PIST,2006,1.0990532231445658,10,0.12777779234731185
US-Ha1,US-Ha1_PIST,2007,1.0881954795556252,10,0.11610773215050872
US-Ha1,US-Ha1_PIST,2008,1.0833585734139013,10,0.1104585094009222
US-Ha1,US-Ha1_PIST,2009,1.042139339672187,10,0.06842695905134528
US-Ha1,US-Ha1_PIST,2010,0.975027717812486,10,5.030205837817147e-4
US-Ha1,US-Ha1_PIST,2011,0.777548780159643,10,-0.19778823367692383
US-Ha1,US-Ha1_PIST,2012,0.8792710037850497,9,-0.09687832665937969
US-Ha1,US-Ha1_PIST,2013,0.8593007718041611,8,-0.11766087524813093
US-Ha1,US-Ha1_QURU,1990,0.9954408358366946,176,0.017666872176540026
US-Ha1,US-Ha1_QURU,1991,0.8904039913691804,175,-0.08818228889883682
US-Ha1,US-Ha1_QURU,1992,0.8578068667113639,173,-0.1215917301645159
US-Ha1,US-Ha1_QURU,1993,1.0420925831669754,173,0.06188166968323304
US-Ha1,US-Ha1_QURU,1994,1.0518244104955876,173,0.07080118040398269
US-Ha1,US-Ha1_QURU,1995,1.0190743479714564,173,0.03723880127198883
US-Ha1,US-Ha1_QURU,1996,0.9000510003861183,173,-0.08259686292121181
US-Ha1,US-Ha1_QURU,1997,0.9115258422703182,173,-0.0719343376448745
US-Ha1,US-Ha1_QURU,1998,0.9736037049242685,173,-0.01066879159878676
US-Ha1,US-Ha1_QURU,1999,0.8766774230343802,173,-0.10840739009653762
US-Ha1,US-Ha1_QURU,2000,0.9294152061654503,173,-0.056481923573330185
US-Ha1,US-Ha1_QURU,2001,1.01311018328528,173,0.026400736938637
US-Ha1,US-Ha1_QURU,2002,1.0615677288947365,173,0.07404596594023088
US-Ha1,US-Ha1_QURU,2003,0.95739451256831,173,-0.03093956699405821
US-Ha1,US-Ha1_QURU,2004,1.0608643499608854,173,0.07171795379065465
US-Ha1,US-Ha1_QURU,2005,1.0297109824259938,172,0.039752269647900434
US-Ha1,US-Ha1_QURU,2006,0.9641622232929937,171,-0.026608806092962217
US-Ha1,US-Ha1_QURU,2007,1.0717987855657578,170,0.08021543957193927
US-Ha1,US-Ha1_QURU,2008,1.179522489047734,168,0.18712682644605294
US-Ha1,US-Ha1_QURU,2009,1.0658330619102245,167,0.07262508270068084
US-Ha1,US-Ha1_QURU,2010,0.9998643928843209,167,0.005844097066914664
US-Ha1,US-Ha1_QURU,2011,0.9438310314912344,166,-0.05100158093403449
US-Ha1,US-Ha1_QURU,2012,0.9548885721687791,164,-0.040756356864352354
US-Ha1,US-Ha1_QURU,2013,0.878460267346144,163,-0.11799697829485001
US-Ha1,US-Ha1_TSCA,1990,1.1687586426094572,84,0.17148908036060054
US-Ha1,US-Ha1_TSCA,1991,1.084290768811464,84,0.08620888995474484
US-Ha1,US-Ha1_TSCA,1992,0.960056210010435,84,-0.03883798545414683
US-Ha1,US-Ha1_TSCA,1993,0.7861542933378018,83,-0.21355221873464253
US-Ha1,US-Ha1_TSCA,1994,0.8952321022332035,83,-0.10528672644710346
US-Ha1,US-Ha1_TSCA,1995,0.9017932258666939,83,-0.09953791942147568
US-Ha1,US-Ha1_TSCA,1996,1.0165860082912568,83,0.014442546395224663
US-Ha1,US-Ha1_TSCA,1997,0.883980484671991,83,-0.11897529383190374
US-Ha1,US-Ha1_TSCA,1998,1.0699684924763746,83,0.06620039736461732
US-Ha1,US-Ha1_TSCA,1999,0.9323622410469029,83,-0.07221817067271695
US-Ha1,US-Ha1_TSCA,2000,1.173178451644624,83,0.1677857233171415
US-Ha1,US-Ha1_TSCA,2001,0.891262062609254,83,-0.11494298232609101
US-Ha1,US-Ha1_TSCA,2002,1.2617302015167793,83,0.25471283997357164
US-Ha1,US-Ha1_TSCA,2003,0.8461808627160397,83,-0.16164881543503054
US-Ha1,US-Ha1_TSCA,2004,0.8336360481380085,83,-0.1750059466209243
US-Ha1,US-Ha1_TSCA,2005,0.8932179396513427,83,-0.1162363717154527
US-Ha1,US-Ha1_TSCA,2006,1.06903934783248,83,0.05877271985782205
US-Ha1,US-Ha1_TSCA,2007,0.8981401377517533,83,-0.11293880683076726
US-Ha1,US-Ha1_TSCA,2008,0.8817570459621275,83,-0.13013421522825566
US-Ha1,US-Ha1_TSCA,2009,0.8365536685690141,83,-0.1761499092292316
US-Ha1,US-Ha1_TSCA,2010,0.918064374575009,83,-0.09545151983109927
US-Ha1,US-Ha1_TSCA,2011,1.1756122904320536,83,0.16128407941808273
US-Ha1,US-Ha1_TSCA,2012,1.2645410924344096,83,0.24940056481257614
US-Ha1,US-Ha1_TSCA,2013,0.7358646260890214,80,-0.28008821814067464
US-Ho1,US-Ho1_ACRU,1995,0.7524532776199768,46,-0.16749877224586868
US-Ho1,US-Ho1_ACRU,1996,0.5319266874722304,46,-0.3891674361195042
US-Ho1,US-Ho1_ACRU,1997,0.8334390083271073,46,-0.08879718899051904
US-Ho1,US-Ho1_ACRU,1998,0.859103049055837,46,-0.06427522198768111
US-Ho1,US-Ho1_ACRU,1999,1.0934334562222119,46,0.16891311145280197
US-Ho1,US-Ho1_ACRU,2000,0.9835509664363147,46,0.05788854794101293
US-Ho1,US-Ho1_ACRU,2001,0.994341405401691,46,0.0675369131804975
US-Ho1,US-Ho1_ACRU,2002,0.9287696415525823,46,8.230756054969941e-4
US-Ho1,US-Ho1_ACRU,2003,0.7950583805436648,46,-0.1340302591293123
US-Ho1,US-Ho1_ACRU,2004,0.8521265705769294,46,-0.07810414282193955
US-Ho1,US-Ho1_ACRU,2005,0.7659305793513042,46,-0.1654422077734566
US-Ho1,US-Ho1_ACRU,2006,0.6897269048026193,46,-0.24278795604803322
US-Ho1,US-Ho1_ACRU,2007,1.241269397168321,46,0.3076124625917767
US-Ho1,US-Ho1_ACRU,2008,1.3428127864883295,46,0.40801377818589324
US-Ho1,US-Ho1_ACRU,2009,0.9340024515085064,46,-0.001938630519821646
US-Ho1,US-Ho1_ACRU,2010,1.1108940333942596,46,0.17381087764003983
US-Ho1,US-Ho1_ACRU,2011,1.201549520679687,46,0.2633242911995753
US-Ho1,US-Ho1_ACRU,2012,0.977789949986472,43,0.038422646780468535
US-Ho1,US-Ho1_ACRU,2013,0.8539760175023121,42,-0.08653335942958312
US-Ho1,US-Ho1_PCRU,1995,0.7342263516027643,236,-0.20742509905502274
US-Ho1,US-Ho1_PCRU,1996,0.7032463526715635,236,-0.2395471717121153
US-Ho1,US-Ho1_PCRU,1997,0.8313933614965895,236,-0.11254223661298116
US-Ho1,US-Ho1_PCRU,1998,0.9635718493085511,236,0.018494177473088645
US-Ho1,US-Ho1_PCRU,1999,0.970823097247411,236,0.024603351686056735
US-Ho1,US-Ho1_PCRU,2000,0.9570806318016728,236,0.009718812514426722
US-Ho1,US-Ho1_PCRU,2001,1.1454511714862199,232,0.19694727847308202
US-Ho1,US-Ho1_PCRU,2002,1.269252827456561,230,0.3196068607175314
US-Ho1,US-Ho1_PCRU,2003,1.031842813085416,229,0.08105477262049454
US-Ho1,US-Ho1_PCRU,2004,1.009362167743483,228,0.05743205355266966
US-Ho1,US-Ho1_PCRU,2005,1.073286785777953,226,0.12021459786124776
US-Ho1,US-Ho1_PCRU,2006,0.8543303086875859,225,-0.09988395295501107
US-Ho1,US-Ho1_PCRU,2007,0.9446566508329189,224,-0.01069968453556979
US-Ho1,US-Ho1_PCRU,2008,0.9070391097075166,220,-0.049459299386863984
US-Ho1,US-Ho1_PCRU,2009,0.8105225516878591,213,-0.1471179311324132
US-Ho1,US-Ho1_PCRU,2010,1.220892892363887,210,0.2621103358177229
US-Ho1,US-Ho1_PCRU,2011,0.9765169065219189,208,0.016592276249862946
US-Ho1,US-Ho1_PCRU,2012,1.0528027430413636,205,0.09173603904341579
US-Ho1,US-Ho1_PCRU,2013,0.9725932978835838,198,0.010384520159744262
US-Ho1,US-Ho1_PIST,1995,0.8380977769325672,14,-0.12525307451716422
US-Ho1,US-Ho1_PIST,1996,0.8698312633526244,14,-0.0946616618229988
US-Ho1,US-Ho1_PIST,1997,0.8614419475445385,14,-0.1041930513569765
US-Ho1,US-Ho1_PIST,1998,0.955163349671903,14,-0.011613722955503836
US-Ho1,US-Ho1_PIST,1999,0.9241013410604897,14,-0.043817805292808924
US-Ho1,US-Ho1_PIST,2000,0.9105523403441061,14,-0.05850887973508428
US-Ho1,US-Ho1_PIST,2001,0.8920716994274498,14,-0.07813159437763244
US-Ho1,US-Ho1_PIST,2002,0.9622582040698909,14,-0.009087163461083106
US-Ho1,US-Ho1_PIST,2003,0.9978670033444227,14,0.025379562087556838
US-Ho1,US-Ho1_PIST,2004,1.0218162308191334,14,0.048186715836375765
US-Ho1,US-Ho1_PIST,2005,1.0972842159692984,14,0.12251262726064889
US-Ho1,US-Ho1_PIST,2006,1.2134569477057473,14,0.23754328527120602
US-Ho1,US-Ho1_PIST,2007,1.0926504087476019,14,0.11559467258716881
US-Ho1,US-Ho1_PIST,2008,1.0021904571212106,14,0.023992647234885686
US-Ho1,US-Ho1_PIST,2009,1.104034692787944,14,0.12469480917572741
US-Ho1,US-Ho1_PIST,2010,1.057360016846129,14,0.07687805950802053
US-Ho1,US-Ho1_PIST,2011,1.0286544139233667,14,0.04703038285936634
US-Ho1,US-Ho1_PIST,2012,0.955629184002688,13,-0.02713692078720408
US-Ho1,US-Ho1_PIST,2013,0.8189289678038814,13,-0.16497921071190255
US-Ho1,US-Ho1_THOC,1995,0.8719958852984422,46,-0.11305436694323355
US-Ho1,US-Ho1_THOC,1996,0.8990053161129503,46,-0.08718700985461723
US-Ho1,US-Ho1_THOC,1997,0.8126344694598219,45,-0.17469993023363747
US-Ho1,US-Ho1_THOC,1998,0.8467402409579117,45,-0.14173623246143946
US-Ho1,US-Ho1_THOC,1999,0.8724513696039381,45,-0.11716717754130487
US-Ho1,US-Ho1_THOC,2000,1.093893876293939,45,0.1031332554228042
US-Ho1,US-Ho1_THOC,2001,0.9499793874142751,45,-0.04192330718275145
US-Ho1,US-Ho1_THOC,2002,1.0103498756777407,45,0.017305107354822317
US-Ho1,US-Ho1_THOC,2003,0.9602509007064218,45,-0.033935941342388365
US-Ho1,US-Ho1_THOC,2004,1.057987145418502,45,0.06265822964379991
US-Ho1,US-Ho1_THOC,2005,0.9655437453722009,44,-0.030927244128392914
US-Ho1,US-Ho1_THOC,2006,0.953885238948736,44,-0.043727824277749607
US-Ho1,US-Ho1_THOC,2007,1.059180883202325,44,0.060425746249947634
US-Ho1,US-Ho1_THOC,2008,1.1587635150006335,43,0.15886630432236423
US-Ho1,US-Ho1_THOC,2009,1.124314281312566,43,0.12327499690840489
US-Ho1,US-Ho1_THOC,2010,1.0566481618497279,40,0.054466803719675036
US-Ho1,US-Ho1_THOC,2011,0.7784812245339624,40,-0.22484220732198223
US-Ho1,US-Ho1_THOC,2012,0.940829887723929,39,-0.0636356178579075
US-Ho1,US-Ho1_THOC,2013,1.0298014891319478,38,0.024193909824219532
US-Ho1,US-Ho1_TSCA,1995,0.8767459357303984,209,-0.1300037173032217
US-Ho1,US-Ho1_TSCA,1996,0.9681074321320982,209,-0.03978429462741373
US-Ho1,US-Ho1_TSCA,1997,1.2270407438162736,208,0.21800694333086992
US-Ho1,US-Ho1_TSCA,1998,1.0984863212907081,208,0.08831044707941262
US-Ho1,US-Ho1_TSCA,1999,1.0916230492238639,208,0.08030510128667658
US-Ho1,US-Ho1_TSCA,2000,1.024262822214757,208,0.011802800551677832
US-Ho1,US-Ho1_TSCA,2001,1.1599204273988906,208,0.14631833200991964
US-Ho1,US-Ho1_TSCA,2002,0.9327834867654468,208,-0.08196068234941596
US-Ho1,US-Ho1_TSCA,2003,0.7254556178924495,208,-0.290430624948305
US-Ho1,US-Ho1_TSCA,2004,0.8258866645624692,208,-0.19114165200417715
US-Ho1,US-Ho1_TSCA,2005,1.0632707106730548,208,0.04510032038051663
US-Ho1,US-Ho1_TSCA,2006,1.125474236452975,207,0.10616177243454511
US-Ho1,US-Ho1_TSCA,2007,1.160474292213697,206,0.14001975446937526
US-Ho1,US-Ho1_TSCA,2008,1.0914601416018646,205,0.06986353013165099
US-Ho1,US-Ho1_TSCA,2009,0.929228947847434,204,-0.09350973734867135
US-Ho1,US-Ho1_TSCA,2010,1.1281453171549487,203,0.10426455823295151
US-Ho1,US-Ho1_TSCA,2011,0.813529791344259,201,-0.21149304130363003
US-Ho1,US-Ho1_TSCA,2012,1.0044789190566952,195,-0.021685987317085632
US-Ho1,US-Ho1_TSCA,2013,1.0312557559995572,182,0.003948775899884594
US-MMS,US-MMS_ACSA,1998,0.9609446597018013,78,0.019749423163726514
US-MMS,US-MMS_ACSA,1999,0.9368361018534977,78,-0.005497943812997048
US-MMS,US-MMS_ACSA,2000,0.9324846716667544,78,-0.010988183128161116
US-MMS,US-MMS_ACSA,2001,1.0438944374259713,78,0.09928277350263501
US-MMS,US-MMS_ACSA,2002,0.9478017565800353,78,0.0020512835282781913
US-MMS,US-MMS_ACSA,2003,1.000760865205963,78,0.05387158302578508
US-MMS,US-MMS_ACSA,2004,0.8332605132656441,78,-0.11476757804295458
US-MMS,US-MMS_ACSA,2005,1.0063404153690907,78,0.057173514932071234
US-MMS,US-MMS_ACSA,2006,0.9573858602644528,78,0.007080150699012586
US-MMS,US-MMS_ACSA,2007,0.8076457705019409,76,-0.14379874819192015
US-MMS,US-MMS_ACSA,2008,1.1163942515371497,75,0.16381092371486788
US-MMS,US-MMS_ACSA,2009,0.9715776889919078,75,0.017855552041205185
US-MMS,US-MMS_ACSA,2010,1.020948305270667,75,0.06608735919154356
US-MMS,US-MMS_ACSA,2011,0.7857400129566738,74,-0.17025974225087032
US-MMS,US-MMS_ACSA,2012,0.8079425895496826,74,-0.14919597478628235
US-MMS,US-MMS_ACSA,2013,0.8923877046323216,70,-0.06588966883206408
US-MMS,US-MMS_ACSA,2014,0.28868507913105346,19,-0.6707311034617531
US-MMS,US-MMS_LITU,1998,1.1212235062541014,22,0.1606685145328741
US-MMS,US-MMS_LITU,1999,1.0754430501776053,22,0.11374924932795724
US-MMS,US-MMS_LITU,2000,0.8866016162583321,22,-0.07623099371973675
US-MMS,US-MMS_LITU,2001,1.1701659088460161,22,0.20619448973952648
US-MMS,US-MMS_LITU,2002,1.0644165119392988,22,0.0993062837043883
US-MMS,US-MMS_LITU,2003,0.8443463295162887,22,-0.12190270784704249
US-MMS,US-MMS_LITU,2004,1.0434143620352387,22,0.07602651554348674
US-MMS,US-MMS_LITU,2005,1.0463028020200373,22,0.07777614639986455
US-MMS,US-MMS_LITU,2006,1.244122363441709,22,0.27445689869311535
US-MMS,US-MMS_LITU,2007,0.7723790626553404,22,-0.19842521122167395
US-MMS,US-MMS_LITU,2008,0.9305197110072077,22,-0.041423371998227494
US-MMS,US-MMS_LITU,2009,1.2166558412555033,22,0.24357394912164737
US-MMS,US-MMS_LITU,2010,1.3883728294334572,22,0.41415212817118047
US-MMS,US-MMS_LITU,2011,0.9465788545331744,21,-0.028780655857523135
US-MMS,US-MMS_LITU,2012,0.4797053140757236,21,-0.4967930054433947
US-MMS,US-MMS_LITU,2013,0.5944057324609773,21,-0.38323139618656177
US-MMS,US-MMS_QUAL,1998,0.9966451863514577,14,0.017869248575497862
US-MMS,US-MMS_QUAL,1999,0.971850382114859,14,-0.00806436478952167
US-MMS,US-MMS_QUAL,2000,1.0188986995441023,14,0.03784514351130086
US-MMS,US-MMS_QUAL,2001,1.3219088375701447,14,0.33971647240892244
US-MMS,US-MMS_QUAL,2002,1.0315240013400948,14,0.04819282705045182
US-MMS,US-MMS_QUAL,2003,0.8997460354712356,14,-0.08472394794682822
US-MMS,US-MMS_QUAL,2004,0.9776874276766101,14,-0.00792136486987446
US-MMS,US-MMS_QUAL,2005,0.9912843243078703,14,0.004536722632964936
US-MMS,US-MMS_QUAL,2006,1.166727310081668,14,0.17884089927834185
US-MMS,US-MMS_QUAL,2007,0.9643112610275988,14,-0.024713958904148126
US-MMS,US-MMS_QUAL,2008,1.084089712136265,14,0.09392568307609724
US-MMS,US-MMS_QUAL,2009,1.0783408946562973,14,0.08703805646770886
US-MMS,US-MMS_QUAL,2010,1.0527720089561823,14,0.06033036163917301
US-MMS,US-MMS_QUAL,2011,1.0315785323683386,14,0.037998075922908575
US-MMS,US-MMS_QUAL,2012,0.8286931023027455,14,-0.1660261632711053
US-MMS,US-MMS_QUAL,2013,1.167946646169379,14,0.17208857146710743
US-MMS,US-MMS_QUAL,2014,0.5073744518669192,14,-0.48962243196377314
US-MMS,US-MMS_SAAL,1998,1.0180828788813656,16,0.019947185922252426
US-MMS,US-MMS_SAAL,1999,1.0379014948954013,16,0.03862699280786731
US-MMS,US-MMS_SAAL,2000,1.2340651681969554,17,0.2336518569810007
US-MMS,US-MMS_SAAL,2001,1.1518220250022622,17,0.15026990465788662
US-MMS,US-MMS_SAAL,2002,1.044331868564957,17,0.041640939092160635
US-MMS,US-MMS_SAAL,2003,1.1163964492153708,17,0.11256671061415373
US-MMS,US-MMS_SAAL,2004,1.064460911526234,17,0.05949236379659611
US-MMS,US-MMS_SAAL,2005,1.1602638679698793,17,0.15415651111182066
US-MMS,US-MMS_SAAL,2006,1.0913586211111768,17,0.08411245512469728
US-MMS,US-MMS_SAAL,2007,0.9787337700579803,17,-0.02965120505691991
US-MMS,US-MMS_SAAL,2008,0.9599656722444253,17,-0.04955811199889574
US-MMS,US-MMS_SAAL,2009,0.9287408626462137,17,-0.08192173072552814
US-MMS,US-MMS_SAAL,2010,1.0194783070788305,17,0.00767690457866786
US-MMS,US-MMS_SAAL,2011,0.9604119517452935,17,-0.052528259883289914
US-MMS,US-MMS_SAAL,2012,0.8619286123163309,17,-0.15215040844067326
US-MMS,US-MMS_SAAL,2013,1.2602580041254274,17,0.2450401742400025
US-MMS,US-MMS_SAAL,2014,0.4627240716548204,17,-0.5536325673590254
US-MOz,US-MOz_ACSA,2003,1.1968131599504503,15,0.24156836965930775
US-MOz,US-MOz_ACSA,2004,1.1325159523158999,15,0.17659217671245903
US-MOz,US-MOz_ACSA,2005,0.7996779525935698,15,-0.15692480832216835
US-MOz,US-MOz_ACSA,2006,0.47371277873266515,15,-0.48356896749537026
US-MOz,US-MOz_ACSA,2007,0.601921031484966,14,-0.35603970005536667
US-MOz,US-MOz_ACSA,2008,1.0112432914560303,14,0.05260357460340037
US-MOz,US-MOz_ACSA,2009,0.8469645392216263,14,-0.11235416294330094
US-MOz,US-MOz_ACSA,2010,0.9431022355042894,14,-0.01689545197293509
US-MOz,US-MOz_ACSA,2011,1.0325286282328558,14,0.0718519554433341
US-MOz,US-MOz_ACSA,2012,0.8247085657104137,14,-0.1366470923914053
US-MOz,US-MOz_ACSA,2013,1.164642357443188,11,0.2026077140290716
US-MOz,US-MOz_ACSA,2014,1.3593963944417704,8,0.3966827657153568
US-MOz,US-MOz_ACSA,2015,0.9957447904653728,6,0.03235217642666195
US-MOz,US-MOz_CAOV,2003,1.1465398575210148,20,0.18246825817000673
US-MOz,US-MOz_CAOV,2004,1.0151227211046476,20,0.05037213644134225
US-MOz,US-MOz_CAOV,2005,0.933996803372174,20,-0.0314327666034287
US-MOz,US-MOz_CAOV,2006,0.8375957693742483,20,-0.12851278591365164
US-MOz,US-MOz_CAOV,2007,0.8232277110231679,20,-0.14355982957702926
US-MOz,US-MOz_CAOV,2008,0.8702897158410945,20,-0.09717681007139997
US-MOz,US-MOz_CAOV,2009,0.9945128954518102,20,0.026367384227018478
US-MOz,US-MOz_CAOV,2010,1.095616842935746,20,0.12679234639865702
US-MOz,US-MOz_CAOV,2011,0.9821420818467097,20,0.012638599997323433
US-MOz,US-MOz_CAOV,2012,0.8842400042368792,20,-0.08594246292480433
US-MOz,US-MOz_CAOV,2013,0.9342568269857505,20,-0.03660462548823028
US-MOz,US-MOz_CAOV,2014,1.0694090257735676,20,0.09786858798728948
US-MOz,US-MOz_CAOV,2015,1.1751976186241537,17,0.20297819552557836
US-MOz,US-MOz_JUVI,2003,0.9987823316262201,15,0.02588392321534748
US-MOz,US-MOz_JUVI,2004,1.022062583967521,15,0.04848519024435114
US-MOz,US-MOz_JUVI,2005,1.0443376491824619,15,0.0700812701469947
US-MOz,US-MOz_JUVI,2006,1.1000699929995563,15,0.1251346286517919
US-MOz,US-MOz_JUVI,2007,0.7892253893922241,15,-0.18638896026783763
US-MOz,US-MOz_JUVI,2008,0.7549610406237847,15,-0.22133229434857432
US-MOz,US-MOz_JUVI,2009,0.9753425938773028,15,-0.0016297264073534233
US-MOz,US-MOz_JUVI,2010,0.9048393327626814,15,-0.07281197283427215
US-MOz,US-MOz_JUVI,2011,0.9740090037823556,15,-0.0043212871268952305
US-MOz,US-MOz_JUVI,2012,0.9545434571788175,15,-0.02446581904273056
US-MOz,US-MOz_JUVI,2013,0.8842691888870079,15,-0.09541907264683742
US-MOz,US-MOz_JUVI,2014,1.0581556784332058,15,0.0777884315870632
US-MOz,US-MOz_JUVI,2015,1.3952280632698386,15,0.4141818311113987
US-MOz,US-MOz_QUAL,2003,1.0491998372138374,20,0.06747461974310022
US-MOz,US-MOz_QUAL,2004,0.893209302261996,20,-0.08919490052103839
US-MOz,US-MOz_QUAL,2005,1.0206971535780465,20,0.03761396548271479
US-MOz,US-MOz_QUAL,2006,0.9084010783573198,20,-0.07536109505030919
US-MOz,US-MOz_QUAL,2007,0.738912967979645,20,-0.24552819074028123
US-MOz,US-MOz_QUAL,2008,0.9986132353562385,20,0.013493091324014987
US-MOz,US-MOz_QUAL,2009,1.0702619865997611,20,0.08446285725524037
US-MOz,US-MOz_QUAL,2010,1.1150230553294533,20,0.1285449406726353
US-MOz,US-MOz_QUAL,2011,1.173362947007722,19,0.18620584703860674
US-MOz,US-MOz_QUAL,2012,0.8589018022050416,19,-0.12893428307637092
US-MOz,US-MOz_QUAL,2013,0.8826533894487384,19,-0.10586168114497144
US-MOz,US-MOz_QUAL,2014,0.9908121746389753,19,0.0016181187329681983
US-MOz,US-MOz_QUAL,2015,1.0680757940680494,19,0.07820275284974505
US-MOz,US-MOz_QUVE,2003,1.080070270317129,16,0.08951824378652735
US-MOz,US-MOz_QUVE,2004,0.9453992716030418,16,-0.04583174023985709
US-MOz,US-MOz_QUVE,2005,0.9481373444673591,16,-0.0437726526878371
US-MOz,US-MOz_QUVE,2006,0.9538282649126719,16,-0.038760717554821536
US-MOz,US-MOz_QUVE,2007,0.8657669921113297,16,-0.12750097566846105
US-MOz,US-MOz_QUVE,2008,1.0030391916079613,16,0.009092238515873288
US-MOz,US-MOz_QUVE,2009,1.1426911125055916,16,0.14806517410120637
US-MOz,US-MOz_QUVE,2010,1.0943961934836508,16,0.09909126976696828
US-MOz,US-MOz_QUVE,2011,1.1073177235699012,16,0.11133381454092141
US-MOz,US-MOz_QUVE,2012,0.7844790230913569,16,-0.2121838712499202
US-MOz,US-MOz_QUVE,2013,0.9209090842246814,16,-0.07643279542889292
US-MOz,US-MOz_QUVE,2014,1.0003487531883146,16,0.002327888222443005
US-MOz,US-MOz_QUVE,2015,0.887747011747802,16,-0.11095283853036686
US-NR1,US-NR1_ABLA,1997,0.9799076116401214,225,-0.0074052199956021825
US-NR1,US-NR1_ABLA,1998,1.1040049912920569,225,0.11642180237262174
US-NR1,US-NR1_ABLA,1999,1.053533937601333,225,0.06568039139818761
US-NR1,US-NR1_ABLA,2000,0.9123726323795955,225,-0.07575127110726025
US-NR1,US-NR1_ABLA,2001,0.9952234793404212,224,0.006829218569855094
US-NR1,US-NR1_ABLA,2002,0.8979192027115024,224,-0.09074541534277406
US-NR1,US-NR1_ABLA,2003,0.9449162523595194,224,-0.0440187229784674
US-NR1,US-NR1_ABLA,2004,0.8412095177688838,223,-0.14799581485281332
US-NR1,US-NR1_ABLA,2005,1.011560710157469,222,0.02208502025206164
US-NR1,US-NR1_ABLA,2006,0.9406489445652889,221,-0.04909710262382884
US-NR1,US-NR1_ABLA,2007,1.0637358847274838,221,0.07371948025465573
US-NR1,US-NR1_ABLA,2008,0.9759469099477899,221,-0.014339851808748534
US-NR1,US-NR1_ABLA,2009,1.030942113087533,221,0.040384994047284184
US-NR1,US-NR1_ABLA,2010,1.0752072650947637,220,0.08437978877080465
US-NR1,US-NR1_ABLA,2011,1.0860801307885914,220,0.09498229718092205
US-NR1,US-NR1_ABLA,2012,1.0488991342120852,220,0.05753094332070553
US-NR1,US-NR1_PCEN,1997,0.9534395108268365,113,-0.038199037348253514
US-NR1,US-NR1_PCEN,1998,1.1402494347092116,113,0.14834052925041122
US-NR1,US-NR1_PCEN,1999,1.057769582503156,113,0.0655903197606452
US-NR1,US-NR1_PCEN,2000,1.098014045738689,113,0.10556442571246807
US-NR1,US-NR1_PCEN,2001,0.9005824082518672,113,-0.09213756905806417
US-NR1,US-NR1_PCEN,2002,0.8115251302955655,113,-0.18146520429807617
US-NR1,US-NR1_PCEN,2003,0.8900503184195031,113,-0.1032103734578489
US-NR1,US-NR1_PCEN,2004,0.7216609058949495,113,-0.2718701432661128
US-NR1,US-NR1_PCEN,2005,0.9924797681455693,113,-0.0013216382992034025
US-NR1,US-NR1_PCEN,2006,0.8361194506467144,113,-0.15795231308176855
US-NR1,US-NR1_PCEN,2007,1.0961019648419454,113,0.10175984382975212
US-NR1,US-NR1_PCEN,2008,0.9784344318969116,113,-0.016178046398992056
US-NR1,US-NR1_PCEN,2009,0.9985441800397032,113,0.003661344460089269
US-NR1,US-NR1_PCEN,2010,1.101350664350231,113,0.1061974714869068
US-NR1,US-NR1_PCEN,2011,1.0860693409112645,113,0.09064579076422986
US-NR1,US-NR1_PCEN,2012,1.0530998787700636,111,0.05740597133931865
US-NR1,US-NR1_PICO,1997,1.084470316722054,112,0.08850605200759869
US-NR1,US-NR1_PICO,1998,1.165264767821456,112,0.16903014582329046
US-NR1,US-NR1_PICO,1999,1.137999901029037,112,0.141494921747161
US-NR1,US-NR1_PICO,2000,1.041591716844468,112,0.04481638027888167
US-NR1,US-NR1_PICO,2001,0.9581130992195562,112,-0.038932594629740365
US-NR1,US-NR1_PICO,2002,0.7684998008959739,112,-0.228816250237033
US-NR1,US-NR1_PICO,2003,0.9181591269241676,112,-0.07942728149254968
US-NR1,US-NR1_PICO,2004,0.8443638712875503,112,-0.15349289441287728
US-NR1,US-NR1_PICO,2005,1.046544004095629,112,0.048416881111491186
US-NR1,US-NR1_PICO,2006,0.9630985729065908,112,-0.03529890736125739
US-NR1,US-NR1_PICO,2007,1.0647749978508123,112,0.06610716029925374
US-NR1,US-NR1_PICO,2008,0.9165205969017503,112,-0.08241759793351863
US-NR1,US-NR1_PICO,2009,0.9651436285661383,112,-0.03406492355284088
US-NR1,US-NR1_PICO,2010,1.0150456313579064,112,0.015566721955216837
US-NR1,US-NR1_PICO,2011,1.1166555541766967,112,0.11690628749029684
US-NR1,US-NR1_PICO,2012,1.0121336140236319,112,0.01211399005352169
US-Vcm,US-Vcm_PIEN,2006,0.47041783105208423,121,-0.40951516434741975
US-Vcm,US-Vcm_PIEN,2007,1.1974047965691648,107,0.31569506485603466
US-Vcm,US-Vcm_PIEN,2008,0.9250453821239633,86,0.04155891409720727
US-Vcm,US-Vcm_PIEN,2009,1.122339827322891,69,0.23707662298250903
US-Vcm,US-Vcm_PIEN,2010,0.8203691861003738,54,-0.06667075455363428
US-Vcm,US-Vcm_PIEN,2011,0.9617911171144713,48,0.07297444014683718
US-Vcm,US-Vcm_PSME,2006,0.6224576433669952,6,-0.26813576991426497
US-Vcm,US-Vcm_PSME,2007,1.107920648488768,6,0.21555049889388184
US-Vcm,US-Vcm_PSME,2008,0.7556130337473613,5,-0.13853385216115088
US-Vcp,US-Vcp_PIPO,2006,0.4677536009533512,180,-0.6765320978867619
US-Vcp,US-Vcp_PIPO,2007,1.5658618163362186,174,0.4321916815930936
US-Vcp,US-Vcp_PIPO,2008,1.4396417718447538,166,0.3165872011986176
US-Vcp,US-Vcp_PIPO,2009,1.3164509403469988,162,0.2040119337978513
US-Vcp,US-Vcp_PIPO,2010,1.3979317343220374,161,0.29610829186987875
US-Vcp,US-Vcp_PIPO,2011,0.5188408677824904,157,-0.5723670105726796
US-Me4,US-Me4_PIPO,1995,0.7110417860974307,8,-0.12811055386444617
US-Me4,US-Me4_PIPO,1996,0.8949770142889708,8,0.005974973017958948
US-Me4,US-Me4_PIPO,1997,0.9987655438056231,8,0.05991380122547602
US-Me4,US-Me4_PIPO,1998,1.0777744125124145,8,0.08907296862313208
US-Me4,US-Me4_PIPO,1999,1.111975485005851,8,0.07342433980743329
US-Me4,US-Me4_PIPO,2000,1.173466514218269,8,0.085065667710716
US-Me4,US-Me4_PIPO,2001,0.9529093512964182,8,-0.1853411965202701
US-UMB,US-UMB_ACRU,1999,1.4590127343524162,9,0.4373229465657209
US-UMB,US-UMB_ACRU,2000,1.2390546839525023,9,0.21770854875526552
US-UMB,US-UMB_ACRU,2001,0.860079473070043,9,-0.1609230095377367
US-UMB,US-UMB_ACRU,2002,0.6674684870185882,9,-0.3531903429997343
US-UMB,US-UMB_ACRU,2003,0.9771922967509933,9,-0.04312288067787192
US-UMB,US-UMB_ACRU,2004,1.0783698590686792,9,0.05839833422927124
US-UMB,US-UMB_ACRU,2005,1.03956334901997,9,0.0199354767700193
US-UMB,US-UMB_ACRU,2006,0.94624077771127,9,-0.07304344194922352
US-UMB,US-UMB_ACRU,2007,0.8443150075342434,9,-0.17462555953679293
US-UMB,US-UMB_ACRU,2008,0.9757445471188071,9,-0.04285236736277199
US-UMB,US-UMB_ACRU,2009,0.8950036102916126,9,-0.12324965160050927
US-UMB,US-UMB_ACRU,2010,0.9529487777871076,9,-0.06496083151555698
US-UMB,US-UMB_ACRU,2011,1.0194915646155716,9,0.0019256079023641723
US-UMB,US-UMB_ACRU,2012,0.9754601581532799,9,-0.04176214597047025
US-UMB,US-UMB_ACRU,2013,0.9310918796351153,9,-0.08578677189917763
US-UMB,US-UMB_ACRU,2014,1.2817017187602715,9,0.26516671981543577
US-UMB,US-UMB_ACRU,2015,1.1155981278369853,9,0.09940678148160684
US-UMB,US-UMB_POGR,1999,1.0567569246867028,8,0.04090923092078153
US-UMB,US-UMB_POGR,2000,1.1654671660867146,8,0.1499631249102506
US-UMB,US-UMB_POGR,2001,1.1717728720577778,8,0.156612483470771
US-UMB,US-UMB_POGR,2002,1.1305411491418815,8,0.11572441314433196
US-UMB,US-UMB_POGR,2003,1.2148779758063082,8,0.20040489239821585
US-UMB,US-UMB_POGR,2004,0.7978245972949305,8,-0.21630483352370458
US-UMB,US-UMB_POGR,2005,0.7604947038894353,8,-0.2532910743397426
US-UMB,US-UMB_POGR,2006,1.0581901343998126,8,0.04474800876009191
US-UMB,US-UMB_POGR,2007,1.288465055165462,8,0.2753665821151985
US-UMB,US-UMB_POGR,2008,0.750481874445977,8,-0.26227294601482926
US-UMB,US-UMB_POGR,2009,0.6872436664106085,8,-0.3251675014607405
US-UMB,US-UMB_POGR,2010,0.8373297875107131,8,-0.17473772777117866
US-UMB,US-UMB_POGR,2011,0.8436549912497716,8,-0.16806887144266291
US-UMB,US-UMB_POGR,2012,1.0237388378862655,8,0.012358627783288216
US-UMB,US-UMB_POGR,2013,0.8830743925629235,8,-0.12796216495059654
US-UMB,US-UMB_POGR,2014,1.0632854725267502,8,0.052592567602687365
US-UMB,US-UMB_POGR,2015,1.2133052910778177,8,0.20295603874321208
US-UMB,US-UMB_QURU,1999,1.3005503686083393,7,0.29054476886319086
US-UMB,US-UMB_QURU,2000,1.0865937214432737,7,0.07693177428758255
US-UMB,US-UMB_QURU,2001,0.9075253587607852,7,-0.10179293580544871
US-UMB,US-UMB_QURU,2002,1.1326996476506421,7,0.12372500567386541
US-UMB,US-UMB_QURU,2003,1.125128630617591,7,0.11649764123027145
US-UMB,US-UMB_QURU,2004,1.0669795198505305,7,0.05869218305266827
US-UMB,US-UMB_QURU,2005,0.8588771948053163,7,-0.1490664894030887
US-UMB,US-UMB_QURU,2006,0.8779592683280508,7,-0.12964076329089697
US-UMB,US-UMB_QURU,2007,0.9153082908095489,7,-0.09194808821994166
US-UMB,US-UMB_QURU,2008,1.111937511285656,7,0.10502478484562265
US-UMB,US-UMB_QURU,2009,0.8874403430150141,7,-0.11912873083556205
US-UMB,US-UMB_QURU,2010,0.8711484129534524,7,-0.13507700830766653
US-UMB,US-UMB_QURU,2011,1.1113749268268291,7,0.10549315815516747
US-UMB,US-UMB_QURU,2012,1.3293574899117957,7,0.32381937382959125
US-UMB,US-UMB_QURU,2013,1.036426541220303,7,0.03123207772755588
US-UMB,US-UMB_QURU,2014,0.9263008836886364,7,-0.07854992721465359
US-UMB,US-UMB_QURU,2015,0.9175720709103617,7,-0.086935087403471
US-Wrc,US-Wrc_TSHE,1997,0.9900522690766913,59,-0.01080089764634519
US-Wrc,US-Wrc_TSHE,1998,1.0151919278946084,59,0.014514099238255041
US-Wrc,US-Wrc_TSHE,1999,1.1024322756597247,59,0.10192978507005489
US-Wrc,US-Wrc_TSHE,2000,0.8334159382929094,59,-0.1669112142300768
US-Wrc,US-Wrc_TSHE,2001,0.978049046670989,59,-0.022102767785313553
US-Wrc,US-Wrc_TSHE,2002,1.0492065984392969,59,0.0492301220496779
US-Wrc,US-Wrc_TSHE,2003,0.9474119899295049,59,-0.05238914839343044
US-Wrc,US-Wrc_TSHE,2004,0.9010410397777852,52,-0.09858476047846661
US-Wrc,US-Wrc_TSHE,2005,1.0187993535318014,50,0.01934889134223324
US-Wrc,US-Wrc_TSHE,2006,1.1857084991790041,39,0.18643337505611957
US-Wrc,US-Wrc_TSHE,2007,1.1834631771207544,39,0.1843633910645535
US-Wrc,US-Wrc_TSHE,2008,0.840488626730469,39,-0.15843582125904837
US-Wrc,US-Wrc_TSHE,2009,0.8787459945554531,39,-0.12000311536738065
US-Wrc,US-Wrc_TSHE,2010,1.0170072812373412,39,0.018433509381191038
US-Wrc,US-Wrc_TSHE,2011,1.0119539359980372,24,0.013555502208570635
US-Wrc,US-Wrc_TSHE,2012,1.0546811300932175,24,0.05645803437043457
US-Wrc,US-Wrc_TSHE,2013,0.9441041028324824,24,-0.053943654823616974
US-Wrc,US-Wrc_TSHE,2014,0.9083495113563544,24,-0.0895229082330613
US-Wrc,US-Wrc_TSHE,2015,1.089295380477814,21,0.0915982989550819
US-Wrc,US-Wrc_TSHE,2016,0.9599597344779162,21,-0.03756200897813237
US-Bar,US-Bar_FAGR,2003,0.6594217610946116,5,-0.3333253526742813
US-Bar,US-Bar_FAGR,2004,1.0444283076805678,5,0.04902624116669263
US-Bar,US-Bar_FAGR,2005,1.2077409803222614,5,0.209683961063403
US-Bar,US-Bar_FAGR,2006,1.0253176007890938,5,0.024605628785252312
US-Bar,US-Bar_FAGR,2007,0.9836587839057762,5,-0.019708140843048463
US-Bar,US-Bar_FAGR,2008,1.120697884750778,5,0.11467600725697019
US-Bar,US-Bar_FAGR,2009,1.0410462014164132,5,0.03236937117762226
US-Bar,US-Bar_FAGR,2010,1.1098101502130822,5,0.09847836722930803
US-Bar,US-Bar_FAGR,2011,0.985557659905579,5,-0.028429075823178322
US-Bar,US-Bar_FAGR,2012,0.9758708913133569,5,-0.04077079716038354
US-Bar,US-Bar_TSCA,2003,0.6444811511554586,5,-0.374815490063265
US-Bar,US-Bar_TSCA,2004,0.8933398003329767,5,-0.1286117936307301
US-Bar,US-Bar_TSCA,2005,1.2087792902143595,5,0.1841727435056696
US-Bar,US-Bar_TSCA,2006,1.0905964764998501,5,0.06333497704617708
US-Bar,US-Bar_TSCA,2007,1.2133391670240898,5,0.18342271482543362
US-Bar,US-Bar_TSCA,2008,1.2280478521175526,5,0.19547644717391324
US-Bar,US-Bar_TSCA,2009,1.2122117103676329,5,0.17698535267901036
US-Bar,US-Bar_TSCA,2010,1.1469949526563619,5,0.10911364222275619
US-Bar,US-Bar_TSCA,2011,0.6257837964868452,5,-0.4147524666917436
US-Bar,US-Bar_TSCA,2012,0.9422588786779935,5,-0.10093233724557849
US-Dk2,US-Dk2_CATO,2000,1.3833080590054814,5,0.37545087647780434
US-Dk2,US-Dk2_CATO,2001,1.101962641026014,5,0.09552364925552535
US-Dk2,US-Dk2_CATO,2002,0.7879020855513221,5,-0.21711871546197764
US-Dk2,US-Dk2_CATO,2003,0.9668704752852344,5,-0.03673213497087656
US-Dk2,US-Dk2_CATO,2004,0.9696881838812647,5,-0.032496235617657465
US-Dk2,US-Dk2_CATO,2005,1.0642288570984229,5,0.06346262835668957
US-Dk2,US-Dk2_CATO,2006,1.0385719182636708,5,0.039223880279126336
US-Dk2,US-Dk2_CATO,2007,0.6434439364330631,5,-0.3544859107942925
US-Dk2,US-Dk2_CATO,2008,0.9509359472179956,5,-0.045575709252171206
US-Dk2,US-Dk2_CATO,2009,0.9127242087886817,5,-0.0823692569242963
US-Dk2,US-Dk2_LITU,2000,1.1336682737402604,5,0.13999299878447125
US-Dk2,US-Dk2_LITU,2001,1.39758580149247,5,0.40532871729386977
US-Dk2,US-Dk2_LITU,2002,0.33190231602704073,5,-0.6589365774143707
US-Dk2,US-Dk2_LITU,2003,0.9742954544294539,5,-0.015125248254768756
US-Dk2,US-Dk2_LITU,2004,0.7016053213247714,5,-0.28639719060226243
US-Dk2,US-Dk2_LITU,2005,1.0825632197337296,5,0.09597889856388464
US-Dk2,US-Dk2_LITU,2006,1.4528453985659593,5,0.4676792681533032
US-Dk2,US-Dk2_LITU,2007,0.9424535065874032,5,-0.04129443306806406
US-Dk2,US-Dk2_LITU,2008,1.004344550249103,5,0.022014801350824606
US-Dk2,US-Dk2_LITU,2009,1.0467872519863282,5,0.06587569384523853
US-Fuf,US-Fuf_PIPO,2005,1.2245226812925991,5,0.07809536303738246
US-Fuf,US-Fuf_PIPO,2006,0.9278816890786105,5,-0.22098886202411216
US-Fuf,US-Fuf_PIPO,2007,1.0802305562234038,5,-0.0710832277268256
US-Fuf,US-Fuf_PIPO,2008,1.3436765309272725,5,0.18991951412953628
US-Fuf,US-Fuf_PIPO,2009,1.240806120528326,5,0.08460587088308308
US-Fuf,US-Fuf_PIPO,2010,1.3403782411415428,5,0.18173475864879302
US-Fuf,US-Fuf_PIPO,2011,0.9188032983923995,5,-0.24228341694785704
US-Slt,US-Slt_PIEC,2004,0.7708839891346839,5,-0.12824953909485481
US-Slt,US-Slt_PIEC,2005,0.820521194177468,5,-0.08766237435556291
US-Slt,US-Slt_PIEC,2006,0.6714077849818817,5,-0.2458258238546412
US-Slt,US-Slt_PIEC,2007,0.7935488263345581,5,-0.13273482280545665
US-Slt,US-Slt_PIEC,2008,1.2450897549625555,5,0.30975606551904883
US-Slt,US-Slt_PIEC,2009,1.2430242912425993,5,0.2986405614956007
US-Slt,US-Slt_PIEC,2010,1.0312804918972267,5,0.07784672184673622
US-Slt,US-Slt_PIEC,2011,1.300641766443172,5,0.3381579560891896
US-Slt,US-Slt_PIEC,2012,1.0466856456116873,5,0.07515179495421305
US-Slt,US-Slt_QUPR,2004,0.8128032692792339,5,-0.1677806216817323
US-Slt,US-Slt_QUPR,2005,0.9977810027241539,5,0.008147071459695888
US-Slt,US-Slt_QUPR,2006,0.9890949584718529,5,-0.00958901309609702
US-Slt,US-Slt_QUPR,2007,0.7534900740555025,5,-0.2542439378159393
US-Slt,US-Slt_QUPR,2008,0.796157012570167,5,-0.22062703960476668
US-Slt,US-Slt_QUPR,2009,1.038014828225855,5,0.01218073574742939
US-Slt,US-Slt_QUPR,2010,1.1384089596467453,5,0.10352482686482777
US-Slt,US-Slt_QUPR,2011,0.9005594973335926,5,-0.14337467575181675
US-Slt,US-Slt_QUPR,2012,1.2196663274730275,5,0.1666821140841262
US-SP1,US-SP1_PIEL,1999,1.204439064006975,5,0.18503366290000628
US-SP1,US-SP1_PIEL,2000,0.7065341895781493,5,-0.309838480229569
US-SP1,US-SP1_PIEL,2001,0.9119283482624474,5,-0.10141159024602328
US-SP1,US-SP1_PIEL,2002,1.189875606238966,5,0.17956839902974278
US-SP1,US-SP1_PIEL,2003,1.1759991266726575,5,0.1687246507626819
US-SP1,US-SP1_PIEL,2004,1.0841294112953852,5,0.07988766668465716
US-SP1,US-SP1_PIEL,2005,1.1412509349638014,5,0.14004192165232085
US-SP1,US-SP1_PIEL,2006,0.8568506984397888,5,-0.14132558357244418
US-SP1,US-SP1_PIEL,2007,0.8437039902195126,5,-0.15143956049347282
US-SP1,US-SP1_PIEL,2008,1.2436510881617036,5,0.2515402687479657
US-SP1,US-SP1_PIEL,2009,1.2250398557822586,5,0.23596176766776825
US-SP1,US-SP1_PIEL,2010,0.9316561470247203,5,-0.05438920979052247
US-SP1,US-SP1_PIEL,2011,0.5199417936479851,5,-0.4630708318680101
US-SP1,US-SP1_PIEL,2012,1.1028790116961102,5,0.12289911747936255
US-SP1,US-SP1_PIPA,1999,1.370405048174026,5,0.3934578852565258
US-SP1,US-SP1_PIPA,2000,0.5782191024394348,5,-0.3956953291788179
US-SP1,US-SP1_PIPA,2001,0.662590361378768,5,-0.3082913389402371
US-SP1,US-SP1_PIPA,2002,0.8995020396996791,5,-0.06834692932007841
US-SP1,US-SP1_PIPA,2003,0.783368551366986,5,-0.18144768635352398
US-SP1,US-SP1_PIPA,2004,1.0117581037332302,5,0.04997459731196772
US-SP1,US-SP1_PIPA,2005,1.1498218560694742,5,0.19107108094745928
US-SP1,US-SP1_PIPA,2006,1.162289877893327,5,0.20657183407055968
US-SP1,US-SP1_PIPA,2007,0.5540021405337016,5,-0.39868317198981823
US-SP1,US-SP1_PIPA,2008,1.0264723743374844,5,0.07681979311321212
US-SP1,US-SP1_PIPA,2009,0.9214434069710914,5,-0.02517644295393335
US-SP1,US-SP1_PIPA,2010,0.9985924759355308,5,0.05500535730975361
US-SP1,US-SP1_PIPA,2011,0.9235333808191926,5,-0.017021006507337073
US-SP1,US-SP1_PIPA,2012,1.217100814537086,5,0.27957915850980397
US-Me2,US-Me2_PIPO,2001,0.712522325666538,30,-0.07386469798352377
US-Me2,US-Me2_PIPO,2002,0.9353987383377378,30,0.12502318868713744
US-Me2,US-Me2_PIPO,2003,0.8784652358493947,30,0.044101160198254954
US-Me2,US-Me2_PIPO,2004,0.942274893165499,30,0.08392229151381964
US-Me2,US-Me2_PIPO,2005,1.0171786067296944,30,0.13483747907747554
US-Me2,US-Me2_PIPO,2006,0.806515213045443,30,-0.09981444060731534
US-Me2,US-Me2_PIPO,2007,0.8045729389323059,30,-0.12574524072099208
US-Me2,US-Me2_PIPO,2008,0.8016190104586296,30,-0.1526876951952079
US-Me2,US-Me2_PIPO,2009,0.8185316169089818,30,-0.15976361474539522
US-Me2,US-Me2_PIPO,2010,0.956960969073593,30,-0.04532278858132359
US-Me2,US-Me2_PIPO,2011,1.1146012441695914,30,0.08832896051413533
US-Me2,US-Me2_PIPO,2012,1.1226808251870095,30,0.07242001553101389
US-Me2,US-Me2_PIPO,2013,1.1047437726662306,30,0.030494437009695438
US-Me2,US-Me2_PIPO,2014,1.233044886998035,30,0.13480702534096034
US-Me2,US-Me2_PIPO,2015,1.0654903076188795,30,-0.05673608003873473
US-Wrc,US-Wrc_PSME,1997,1.076353903418564,24,0.07900749802919915
US-Wrc,US-Wrc_PSME,1998,0.9453880068142775,24,-0.05178306050840384
US-Wrc,US-Wrc_PSME,1999,0.9226032627972587,24,-0.07439246645873904
US-Wrc,US-Wrc_PSME,2000,0.9315376548171335,24,-0.06528273637218066
US-Wrc,US-Wrc_PSME,2001,0.9684099492671878,24,-0.028235103855442697
US-Wrc,US-Wrc_PSME,2002,1.0396296118628816,24,0.0431598968069347
US-Wrc,US-Wrc_PSME,2003,1.0167773522942283,24,0.020482975304964967
US-Wrc,US-Wrc_PSME,2004,0.9668812182281582,24,-0.029237820694421508
US-Wrc,US-Wrc_PSME,2005,1.2083497134127217,24,0.2124060125568256
US-Wrc,US-Wrc_PSME,2006,1.1787055583707902,24,0.18293719558157767
US-Wrc,US-Wrc_PSME,2007,0.9593459831837277,24,-0.03624704153880124
US-Wrc,US-Wrc_PSME,2008,1.0742988623303413,24,0.07888117567449603
US-Wrc,US-Wrc_PSME,2009,0.9221658105593945,24,-0.0730765380297672
US-Wrc,US-Wrc_PSME,2010,1.0278433278721895,24,0.03277631734971138
US-Wrc,US-Wrc_PSME,2011,1.0271045926019142,24,0.03221292014611974
US-Wrc,US-Wrc_PSME,2012,0.9085501304754089,24,-0.086166203913702
US-Wrc,US-Wrc_PSME,2013,0.9449190449743078,24,-0.049621951348119496
US-Wrc,US-Wrc_PSME,2014,0.9788883547770937,24,-0.015477303478649994
US-Wrc,US-Wrc_PSME,2015,0.9379283054945565,24,-0.05626201469450355
US-Wrc,US-Wrc_PSME,2016,0.9523245200239785,21,-0.041690462098397975
CA-Man,CA-Man_PCMA,1993,1.1376391824835261,88,0.21034797578628117
CA-Man,CA-Man_PCMA,1994,0.9779158349934908,88,0.04276210955640154
CA-Man,CA-Man_PCMA,1995,0.8385622964110853,88,-0.10445394776584688
CA-Man,CA-Man_PCMA,1996,0.8189016039378596,88,-0.1319771589789154
CA-Man,CA-Man_PCMA,1997,0.7983847077228796,88,-0.16035657393373828
CA-Man,CA-Man_PCMA,1998,0.9052785305597605,88,-0.0613252698367003
CA-Man,CA-Man_PCMA,1999,0.9718962408110301,88,-0.0025700783252735684
CA-Man,CA-Man_PCMA,2000,1.0796313001881142,88,0.0973024623119676
CA-Man,CA-Man_PCMA,2001,1.108634005600993,88,0.11844264898500345
CA-Man,CA-Man_PCMA,2002,1.015267696362563,88,0.01721382100673077
CA-Man,CA-Man_PCMA,2003,0.9847029565729079,88,-0.021213437522767338
CA-Man,CA-Man_PCMA,2004,1.0096063615523754,88,-0.004172551283142707
CA-TP4,CA-TP4_PIST,2001,0.9489999269832404,36,0.16754486472044233
CA-TP4,CA-TP4_PIST,2002,0.6470146120519569,36,-0.15873804724592386
CA-TP4,CA-TP4_PIST,2003,0.8417392792400593,36,0.011689022907095711
CA-TP4,CA-TP4_PIST,2004,0.8140169543901851,22,-0.04033089897786152
CA-TP4,CA-TP4_PIST,2005,0.6812809058401852,22,-0.19736454456294442
CA-TP4,CA-TP4_PIST,2006,0.9147690509886882,22,0.011826003550475615
CA-TP4,CA-TP4_PIST,2007,0.7946679710331057,22,-0.13257267344018991
CA-TP4,CA-TP4_PIST,2008,1.1010115145319674,22,0.14947327302358882
CA-TP4,CA-TP4_PIST,2009,1.1859585928253729,22,0.21012275428191127
CA-TP4,CA-TP4_PIST,2010,1.2046646072875624,22,0.20453117170901783
CA-TP4,CA-TP4_PIST,2011,0.9771470302180344,22,-0.047284002395593216
CA-TP4,CA-TP4_PIST,2012,1.043558182174215,22,-0.005170447474495597
CA-TP4,CA-TP4_PIST,2013,1.078430640321832,21,0.00540441363803839
CA-TP4,CA-TP4_PIST,2014,0.9105879762258081,21,-0.18673584749306854
CA-TP4,CA-TP4_PIST,2015,1.1292263785134666,21,0.007604957759506967
CA-TP3,CA-TP3_PIST,2001,0.8064547237849432,47,-0.035767896661452886
CA-TP3,CA-TP3_PIST,2002,0.9700453949501747,47,0.10080650831048711
CA-TP3,CA-TP3_PIST,2003,1.0540183294262375,46,0.1577631765932584
CA-TP3,CA-TP3_PIST,2004,0.7898688727151495,37,-0.1334025463111213
CA-TP3,CA-TP3_PIST,2005,0.7653148993228315,37,-0.18497278589673097
CA-TP3,CA-TP3_PIST,2006,0.9936074388624182,37,0.016303487449564093
CA-TP3,CA-TP3_PIST,2007,0.8120085828893885,37,-0.19231163471675727
CA-TP3,CA-TP3_PIST,2008,1.093958452391853,37,0.06262196859241564
CA-TP3,CA-TP3_PIST,2009,1.2313687448707542,37,0.17301599487802513
CA-TP3,CA-TP3_PIST,2010,1.1635669991320174,37,0.07819798294599668
CA-TP3,CA-TP3_PIST,2011,1.1426495606250338,37,0.030264278245721372
CA-TP3,CA-TP3_PIST,2012,1.2050546117352579,37,0.06565306316265379
CA-TP3,CA-TP3_PIST,2013,1.1340519387058572,37,-0.032365876060038504
CA-TP3,CA-TP3_PIST,2014,1.0787352516459074,37,-0.11469882931327995
CA-TP3,CA-TP3_PIST,2015,1.2293434559337377,37,0.008893108781258692
CA-TP1,CA-TP1_PIST,2006,0.41996244653961085,5,-0.28718931090365835
CA-TP1,CA-TP1_PIST,2007,0.7225151493542329,8,-0.03614972125753353
CA-TP1,CA-TP1_PIST,2008,0.9323462044291669,19,0.1221682206489029
CA-TP1,CA-TP1_PIST,2009,0.9439198957871064,36,0.08222879883834475
CA-TP1,CA-TP1_PIST,2010,1.1385756643048752,39,0.2253714541876159
CA-TP1,CA-TP1_PIST,2011,1.070472698932787,41,0.10575537564703008
CA-TP1,CA-TP1_PIST,2012,1.038321537498379,43,0.02209110104412433
CA-TP1,CA-TP1_PIST,2013,1.0825334058951142,44,0.014789856272361832
CA-TP1,CA-TP1_PIST,2014,0.9988761042087563,44,-0.12038055858249369
CA-TP1,CA-TP1_PIST,2015,1.0420845600650532,44,-0.12868521589469442
FR-Fon,FR-Fon_QUPE,2004,0.7593124186486347,23,-0.07676975371866358
FR-Fon,FR-Fon_QUPE,2005,0.8727817462415466,23,0.013486884050442991
FR-Fon,FR-Fon_QUPE,2006,0.7955745252591314,23,-0.08693302675577808
FR-Fon,FR-Fon_QUPE,2007,1.0764595049447112,23,0.17073926310599585
FR-Fon,FR-Fon_QUPE,2008,1.141068073664083,23,0.21213514200156178
FR-Fon,FR-Fon_QUPE,2009,1.0526805080657315,23,0.10053488657940444
FR-Fon,FR-Fon_QUPE,2010,0.7348205153540915,23,-0.24053779595604144
FR-Fon,FR-Fon_QUPE,2011,0.6782731205428636,23,-0.3202978805910753
FR-Fon,FR-Fon_QUPE,2012,1.1415230798296183,23,0.11973938887187358
FR-Fon,FR-Fon_QUPE,2013,1.0996820967657044,23,0.05468571598415377
FR-Fon,FR-Fon_QUPE,2014,1.1214262470334824,23,0.05321717642812589
US-Uaf,US-Uaf_PCMA,2001,1.0419874496196482,30,0.03355938546931979
US-Uaf,US-Uaf_PCMA,2002,0.9470816465586606,30,-0.06094211574536756
US-Uaf,US-Uaf_PCMA,2003,0.9635302339077395,30,-0.04408922654998678
US-Uaf,US-Uaf_PCMA,2004,1.0307460158401707,30,0.023530857228746205
US-Uaf,US-Uaf_PCMA,2005,1.0881805669690163,30,0.08136971020389368
US-Uaf,US-Uaf_PCMA,2006,1.0764167246114222,30,0.07001016969260142
US-Uaf,US-Uaf_PCMA,2007,1.0564421003994904,30,0.050439847326971383
US-Uaf,US-Uaf_PCMA,2008,0.9490598709207471,29,-0.056538080305470105
US-Uaf,US-Uaf_PCMA,2009,0.8364680010593856,12,-0.16872564832052978
US-Uaf,US-Uaf_PCMA,2010,0.9276683641633526,11,-0.0771209833702609
US-Uaf,US-Uaf_PCMA,2011,1.0979321508046516,9,0.09354710511733985
US-Uaf,US-Uaf_PCMA,2012,1.0589397230937527,5,0.054958979252742846
US-Ton,US-Ton_QUDO,2000,1.0070827386567396,39,0.05282746562732033
US-Ton,US-Ton_QUDO,2001,0.9723639199593923,39,0.014976633558161657
US-Ton,US-Ton_QUDO,2002,0.9091488597008168,39,-0.05137044007222454
US-Ton,US-Ton_QUDO,2003,1.047120921242757,39,0.08346960809790495
US-Ton,US-Ton_QUDO,2004,0.8722483964049292,39,-0.09453493011173354
US-Ton,US-Ton_QUDO,2005,1.1246833963583285,39,0.15476805646985498
US-Ton,US-Ton_QUDO,2006,0.986543800522702,39,0.013496447262417763
US-Ton,US-Ton_QUDO,2007,0.8625178455912879,39,-0.11366152104080704
US-Ton,US-Ton_QUDO,2008,0.6951527256008653,38,-0.28415865440304033
US-Ton,US-Ton_QUDO,2009,0.8008068902605202,37,-0.18163650311519614
US-Ton,US-Ton_QUDO,2010,1.1572826266007552,37,0.17170721985322818
US-Ton,US-Ton_QUDO,2011,1.342026465650691,34,0.35331904553135335
US-Ton,US-Ton_QUDO,2012,1.0333811954746184,34,0.04154176198346992
US-Ton,US-Ton_QUDO,2013,0.8214967332240473,34,-0.17347471363891193
US-Ton,US-Ton_QUDO,2014,0.9401332987541763,34,-0.057970161480593585
US-Ton,US-Ton_QUDO,2015,0.8526607877341064,34,-0.14857468587247422
US-Ton,US-Ton_QUDO,2016,1.2169407180405276,34,0.2125732310621363
US-Ton,US-Ton_QUDO,2017,1.1305046560720784,32,0.12300515572187641
US-Ton,US-Ton_QUDO,2018,0.9358202924916046,31,-0.0748112212304081
US-Ton,US-Ton_QUDO,2019,1.0719894348609353,29,0.05822590776711193
US-Ton,US-Ton_QUDO,2020,0.9171778384961877,29,-0.09971770196944638
